Campaign,Ad group,Keyword,Match type,Final URL,Max CPC (JPY),Tier,Region ID,LP slug
千葉_車内清掃,AG_緊急_嘔吐,車 嘔吐 クリーニング 出張,Phrase,https://carinteriorcleaning.jp/regions/chiba/kyuto-cleaning/,350,S,chiba,kyuto-cleaning
千葉_車内清掃,AG_緊急_嘔吐,車 ゲロ 消臭 即日,Phrase,https://carinteriorcleaning.jp/regions/chiba/kyuto-cleaning/,350,S,chiba,kyuto-cleaning
千葉_車内清掃,AG_緊急_嘔吐,車 嘔吐 消臭 どこに 頼む,Phrase,https://carinteriorcleaning.jp/regions/chiba/kyuto-cleaning/,350,S,chiba,kyuto-cleaning
千葉_車内清掃,AG_緊急_嘔吐,車 嘔吐 しまった 出張 即日,Phrase,https://carinteriorcleaning.jp/regions/chiba/kyuto-cleaning/,350,S,chiba,kyuto-cleaning
千葉_車内清掃,AG_緊急_嘔吐,千葉 車内 嘔吐 出張,Phrase,https://carinteriorcleaning.jp/regions/chiba/kyuto-cleaning/,350,S,chiba,kyuto-cleaning
千葉_車内清掃,AG_緊急_嘔吐,千葉 嘔吐 車内清掃,Phrase,https://carinteriorcleaning.jp/regions/chiba/kyuto-cleaning/,350,S,chiba,kyuto-cleaning
千葉_車内清掃,AG_緊急_子供嘔吐,子供 車 吐いた シート,Phrase,https://carinteriorcleaning.jp/regions/chiba/kodomo-kyuto/,350,S,chiba,kodomo-kyuto
千葉_車内清掃,AG_緊急_子供嘔吐,車 子供 嘔吐 シート 洗浄,Phrase,https://carinteriorcleaning.jp/regions/chiba/kodomo-kyuto/,350,S,chiba,kodomo-kyuto
千葉_車内清掃,AG_緊急_子供嘔吐,車酔い 嘔吐 出張,Phrase,https://carinteriorcleaning.jp/regions/chiba/kodomo-kyuto/,350,S,chiba,kodomo-kyuto
千葉_車内清掃,AG_緊急_子供嘔吐,千葉 子供 嘔吐 車内,Phrase,https://carinteriorcleaning.jp/regions/chiba/kodomo-kyuto/,350,S,chiba,kodomo-kyuto
千葉_車内清掃,AG_緊急_灯油,車 灯油 こぼし 出張,Exact,https://carinteriorcleaning.jp/regions/chiba/touyu-kobosi/,350,S,chiba,touyu-kobosi
千葉_車内清掃,AG_緊急_灯油,車 灯油 臭い 取れない 業者,Phrase,https://carinteriorcleaning.jp/regions/chiba/touyu-kobosi/,350,S,chiba,touyu-kobosi
千葉_車内清掃,AG_緊急_灯油,車 灯油 こぼした 消臭 出張,Phrase,https://carinteriorcleaning.jp/regions/chiba/touyu-kobosi/,350,S,chiba,touyu-kobosi
千葉_車内清掃,AG_緊急_灯油,車内 灯油 こぼし 消臭,Phrase,https://carinteriorcleaning.jp/regions/chiba/touyu-kobosi/,350,S,chiba,touyu-kobosi
千葉_車内清掃,AG_緊急_灯油,千葉 灯油 こぼし 車,Phrase,https://carinteriorcleaning.jp/regions/chiba/touyu-kobosi/,350,S,chiba,touyu-kobosi
千葉_車内清掃,AG_緊急_ペット,車 おしっこ シート 洗浄 出張,Phrase,https://carinteriorcleaning.jp/regions/chiba/oshikko/,320,S,chiba,oshikko
千葉_車内清掃,AG_緊急_ペット,車 おもらし シート 洗浄,Phrase,https://carinteriorcleaning.jp/regions/chiba/oshikko/,320,S,chiba,oshikko
千葉_車内清掃,AG_緊急_ペット,ペット 粗相 車 消臭,Phrase,https://carinteriorcleaning.jp/regions/chiba/oshikko/,320,S,chiba,oshikko
千葉_車内清掃,AG_緊急_ペット,犬 車 お漏らし 消臭 業者,Phrase,https://carinteriorcleaning.jp/regions/chiba/oshikko/,320,S,chiba,oshikko
千葉_車内清掃,AG_緊急_ペット,千葉 ペット 車内 清掃,Phrase,https://carinteriorcleaning.jp/regions/chiba/oshikko/,320,S,chiba,oshikko
千葉_車内清掃,AG_消臭_口語,車 匂い 消し 業者,Phrase,https://carinteriorcleaning.jp/regions/chiba/kuruma-nioi-keshi/,280,S,chiba,kuruma-nioi-keshi
千葉_車内清掃,AG_消臭_口語,車内 クサイ 消臭,Phrase,https://carinteriorcleaning.jp/regions/chiba/kuruma-nioi-keshi/,280,S,chiba,kuruma-nioi-keshi
千葉_車内清掃,AG_消臭_口語,車 臭い 取れない プロ,Phrase,https://carinteriorcleaning.jp/regions/chiba/kuruma-nioi-keshi/,280,S,chiba,kuruma-nioi-keshi
千葉_車内清掃,AG_消臭_口語,消臭スプレー 効かない 車,Phrase,https://carinteriorcleaning.jp/regions/chiba/kuruma-nioi-keshi/,280,S,chiba,kuruma-nioi-keshi
千葉_車内清掃,AG_消臭_口語,車 芳香剤 臭い 取れない,Phrase,https://carinteriorcleaning.jp/regions/chiba/kuruma-nioi-keshi/,280,S,chiba,kuruma-nioi-keshi
千葉_車内清掃,AG_消臭_口語,千葉 車内 消臭 出張,Phrase,https://carinteriorcleaning.jp/regions/chiba/kuruma-nioi-keshi/,280,S,chiba,kuruma-nioi-keshi
千葉_車内清掃,AG_消臭_中古車,中古車 タバコ臭 消せない,Phrase,https://carinteriorcleaning.jp/regions/chiba/chuko-tabako/,300,A,chiba,chuko-tabako
千葉_車内清掃,AG_消臭_中古車,中古車 加齢臭 車内,Phrase,https://carinteriorcleaning.jp/regions/chiba/chuko-tabako/,300,A,chiba,chuko-tabako
千葉_車内清掃,AG_消臭_中古車,車 タバコ臭 取れない 業者 出張,Phrase,https://carinteriorcleaning.jp/regions/chiba/chuko-tabako/,300,A,chiba,chuko-tabako
千葉_車内清掃,AG_消臭_中古車,千葉 中古車 臭い 車内,Phrase,https://carinteriorcleaning.jp/regions/chiba/chuko-tabako/,300,A,chiba,chuko-tabako
千葉_車内清掃,AG_消臭_湿気カビ,車内 カビ臭 取り方 業者,Phrase,https://carinteriorcleaning.jp/regions/chiba/shanai-nioi/,300,A,chiba,shanai-nioi
千葉_車内清掃,AG_消臭_湿気カビ,車 湿気 臭い シート 洗浄,Phrase,https://carinteriorcleaning.jp/regions/chiba/shanai-nioi/,300,A,chiba,shanai-nioi
千葉_車内清掃,AG_消臭_湿気カビ,車 原因不明 臭い 消臭 業者,Phrase,https://carinteriorcleaning.jp/regions/chiba/shanai-nioi/,300,A,chiba,shanai-nioi
千葉_車内清掃,AG_消臭_湿気カビ,車 ペット臭 消臭 プロ 出張,Phrase,https://carinteriorcleaning.jp/regions/chiba/shanai-nioi/,300,A,chiba,shanai-nioi
千葉_車内清掃,AG_消臭_湿気カビ,千葉 車内 カビ臭,Phrase,https://carinteriorcleaning.jp/regions/chiba/shanai-nioi/,300,A,chiba,shanai-nioi
千葉_車内清掃,AG_消臭_湿気カビ,千葉 湿気 車内 臭い,Phrase,https://carinteriorcleaning.jp/regions/chiba/shanai-nioi/,300,A,chiba,shanai-nioi
千葉_車内清掃,AG_エアコン_エバポレーター,エバポレーター洗浄 出張,Phrase,https://carinteriorcleaning.jp/regions/chiba/evaporator-senjo/,400,A,chiba,evaporator-senjo
千葉_車内清掃,AG_エアコン_エバポレーター,車 エアコン 酸っぱい 臭い 業者,Phrase,https://carinteriorcleaning.jp/regions/chiba/evaporator-senjo/,400,A,chiba,evaporator-senjo
千葉_車内清掃,AG_エアコン_エバポレーター,カーエアコン カビ臭 エバポレーター,Phrase,https://carinteriorcleaning.jp/regions/chiba/evaporator-senjo/,400,A,chiba,evaporator-senjo
千葉_車内清掃,AG_エアコン_エバポレーター,車 エアコン 臭い 取れない プロ,Phrase,https://carinteriorcleaning.jp/regions/chiba/evaporator-senjo/,400,A,chiba,evaporator-senjo
千葉_車内清掃,AG_エアコン_エバポレーター,車 エアコン 咳 目が痒い 洗浄,Phrase,https://carinteriorcleaning.jp/regions/chiba/evaporator-senjo/,400,A,chiba,evaporator-senjo
千葉_車内清掃,AG_エアコン_エバポレーター,車内クリーニング エバポレーター セット,Phrase,https://carinteriorcleaning.jp/regions/chiba/evaporator-senjo/,400,A,chiba,evaporator-senjo
千葉_車内清掃,AG_エアコン_エバポレーター,千葉 エアコン 臭い 車,Phrase,https://carinteriorcleaning.jp/regions/chiba/evaporator-senjo/,400,A,chiba,evaporator-senjo
千葉_車内清掃,AG_エアコン_エバポレーター,千葉 エバポレーター洗浄 出張,Phrase,https://carinteriorcleaning.jp/regions/chiba/evaporator-senjo/,400,A,chiba,evaporator-senjo
千葉_車内清掃,AG_条件_出張,車内クリーニング 即日 出張 当日,Phrase,https://carinteriorcleaning.jp/regions/chiba/shutchou-senmon/,280,S,chiba,shutchou-senmon
千葉_車内清掃,AG_条件_出張,車内清掃 1席 出張,Phrase,https://carinteriorcleaning.jp/regions/chiba/shutchou-senmon/,280,S,chiba,shutchou-senmon
千葉_車内清掃,AG_条件_出張,出張 車内クリーニング おすすめ 業者,Phrase,https://carinteriorcleaning.jp/regions/chiba/shutchou-senmon/,280,S,chiba,shutchou-senmon
千葉_車内清掃,AG_条件_出張,車内清掃 出張 料金 いくら,Phrase,https://carinteriorcleaning.jp/regions/chiba/shutchou-senmon/,280,S,chiba,shutchou-senmon
千葉_車内清掃,AG_条件_出張,千葉 出張 車内清掃 即日,Phrase,https://carinteriorcleaning.jp/regions/chiba/shutchou-senmon/,280,S,chiba,shutchou-senmon
千葉_車内清掃,AG_条件_出張,千葉 車内クリーニング 出張,Phrase,https://carinteriorcleaning.jp/regions/chiba/shutchou-senmon/,280,S,chiba,shutchou-senmon
千葉_車内清掃,AG_条件_電源不要,車内清掃 電源不要 出張,Phrase,https://carinteriorcleaning.jp/regions/chiba/dengen-fuyou/,280,S,chiba,dengen-fuyou
千葉_車内清掃,AG_条件_電源不要,マンション 車内クリーニング 出張,Phrase,https://carinteriorcleaning.jp/regions/chiba/dengen-fuyou/,280,S,chiba,dengen-fuyou
千葉_車内清掃,AG_条件_電源不要,千葉 車内清掃 電源不要,Phrase,https://carinteriorcleaning.jp/regions/chiba/dengen-fuyou/,280,S,chiba,dengen-fuyou
千葉_車内清掃,AG_保険_B2B,車内 嘔吐 保険 適用,Phrase,https://carinteriorcleaning.jp/regions/chiba/hoken-kyuto/,250,B,chiba,hoken-kyuto
千葉_車内清掃,AG_保険_B2B,レンタカー 車内 嘔吐 清掃,Phrase,https://carinteriorcleaning.jp/regions/chiba/hoken-kyuto/,250,B,chiba,hoken-kyuto
千葉_車内清掃,AG_保険_B2B,千葉 車内 嘔吐 保険,Phrase,https://carinteriorcleaning.jp/regions/chiba/hoken-kyuto/,250,B,chiba,hoken-kyuto
千葉_車内清掃,AG_バス_トラック,バス 嘔吐 清掃 即日,Phrase,https://carinteriorcleaning.jp/regions/chiba/bus-senmon/,200,B,chiba,bus-senmon
愛知_車内清掃,AG_緊急_嘔吐,車 嘔吐 クリーニング 出張,Phrase,https://carinteriorcleaning.jp/regions/aichi/kyuto-cleaning/,350,S,aichi,kyuto-cleaning
愛知_車内清掃,AG_緊急_嘔吐,車 ゲロ 消臭 即日,Phrase,https://carinteriorcleaning.jp/regions/aichi/kyuto-cleaning/,350,S,aichi,kyuto-cleaning
愛知_車内清掃,AG_緊急_嘔吐,車 嘔吐 消臭 どこに 頼む,Phrase,https://carinteriorcleaning.jp/regions/aichi/kyuto-cleaning/,350,S,aichi,kyuto-cleaning
愛知_車内清掃,AG_緊急_嘔吐,車 嘔吐 しまった 出張 即日,Phrase,https://carinteriorcleaning.jp/regions/aichi/kyuto-cleaning/,350,S,aichi,kyuto-cleaning
愛知_車内清掃,AG_緊急_嘔吐,愛知 車内 嘔吐 出張,Phrase,https://carinteriorcleaning.jp/regions/aichi/kyuto-cleaning/,350,S,aichi,kyuto-cleaning
愛知_車内清掃,AG_緊急_嘔吐,愛知 嘔吐 車内清掃,Phrase,https://carinteriorcleaning.jp/regions/aichi/kyuto-cleaning/,350,S,aichi,kyuto-cleaning
愛知_車内清掃,AG_緊急_子供嘔吐,子供 車 吐いた シート,Phrase,https://carinteriorcleaning.jp/regions/aichi/kodomo-kyuto/,350,S,aichi,kodomo-kyuto
愛知_車内清掃,AG_緊急_子供嘔吐,車 子供 嘔吐 シート 洗浄,Phrase,https://carinteriorcleaning.jp/regions/aichi/kodomo-kyuto/,350,S,aichi,kodomo-kyuto
愛知_車内清掃,AG_緊急_子供嘔吐,車酔い 嘔吐 出張,Phrase,https://carinteriorcleaning.jp/regions/aichi/kodomo-kyuto/,350,S,aichi,kodomo-kyuto
愛知_車内清掃,AG_緊急_子供嘔吐,愛知 子供 嘔吐 車内,Phrase,https://carinteriorcleaning.jp/regions/aichi/kodomo-kyuto/,350,S,aichi,kodomo-kyuto
愛知_車内清掃,AG_緊急_灯油,車 灯油 こぼし 出張,Exact,https://carinteriorcleaning.jp/regions/aichi/touyu-kobosi/,350,S,aichi,touyu-kobosi
愛知_車内清掃,AG_緊急_灯油,車 灯油 臭い 取れない 業者,Phrase,https://carinteriorcleaning.jp/regions/aichi/touyu-kobosi/,350,S,aichi,touyu-kobosi
愛知_車内清掃,AG_緊急_灯油,車 灯油 こぼした 消臭 出張,Phrase,https://carinteriorcleaning.jp/regions/aichi/touyu-kobosi/,350,S,aichi,touyu-kobosi
愛知_車内清掃,AG_緊急_灯油,車内 灯油 こぼし 消臭,Phrase,https://carinteriorcleaning.jp/regions/aichi/touyu-kobosi/,350,S,aichi,touyu-kobosi
愛知_車内清掃,AG_緊急_灯油,愛知 灯油 こぼし 車,Phrase,https://carinteriorcleaning.jp/regions/aichi/touyu-kobosi/,350,S,aichi,touyu-kobosi
愛知_車内清掃,AG_緊急_ペット,車 おしっこ シート 洗浄 出張,Phrase,https://carinteriorcleaning.jp/regions/aichi/oshikko/,320,S,aichi,oshikko
愛知_車内清掃,AG_緊急_ペット,車 おもらし シート 洗浄,Phrase,https://carinteriorcleaning.jp/regions/aichi/oshikko/,320,S,aichi,oshikko
愛知_車内清掃,AG_緊急_ペット,ペット 粗相 車 消臭,Phrase,https://carinteriorcleaning.jp/regions/aichi/oshikko/,320,S,aichi,oshikko
愛知_車内清掃,AG_緊急_ペット,犬 車 お漏らし 消臭 業者,Phrase,https://carinteriorcleaning.jp/regions/aichi/oshikko/,320,S,aichi,oshikko
愛知_車内清掃,AG_緊急_ペット,愛知 ペット 車内 清掃,Phrase,https://carinteriorcleaning.jp/regions/aichi/oshikko/,320,S,aichi,oshikko
愛知_車内清掃,AG_消臭_口語,車 匂い 消し 業者,Phrase,https://carinteriorcleaning.jp/regions/aichi/kuruma-nioi-keshi/,280,S,aichi,kuruma-nioi-keshi
愛知_車内清掃,AG_消臭_口語,車内 クサイ 消臭,Phrase,https://carinteriorcleaning.jp/regions/aichi/kuruma-nioi-keshi/,280,S,aichi,kuruma-nioi-keshi
愛知_車内清掃,AG_消臭_口語,車 臭い 取れない プロ,Phrase,https://carinteriorcleaning.jp/regions/aichi/kuruma-nioi-keshi/,280,S,aichi,kuruma-nioi-keshi
愛知_車内清掃,AG_消臭_口語,消臭スプレー 効かない 車,Phrase,https://carinteriorcleaning.jp/regions/aichi/kuruma-nioi-keshi/,280,S,aichi,kuruma-nioi-keshi
愛知_車内清掃,AG_消臭_口語,車 芳香剤 臭い 取れない,Phrase,https://carinteriorcleaning.jp/regions/aichi/kuruma-nioi-keshi/,280,S,aichi,kuruma-nioi-keshi
愛知_車内清掃,AG_消臭_口語,愛知 車内 消臭 出張,Phrase,https://carinteriorcleaning.jp/regions/aichi/kuruma-nioi-keshi/,280,S,aichi,kuruma-nioi-keshi
愛知_車内清掃,AG_消臭_中古車,中古車 タバコ臭 消せない,Phrase,https://carinteriorcleaning.jp/regions/aichi/chuko-tabako/,300,A,aichi,chuko-tabako
愛知_車内清掃,AG_消臭_中古車,中古車 加齢臭 車内,Phrase,https://carinteriorcleaning.jp/regions/aichi/chuko-tabako/,300,A,aichi,chuko-tabako
愛知_車内清掃,AG_消臭_中古車,車 タバコ臭 取れない 業者 出張,Phrase,https://carinteriorcleaning.jp/regions/aichi/chuko-tabako/,300,A,aichi,chuko-tabako
愛知_車内清掃,AG_消臭_中古車,愛知 中古車 臭い 車内,Phrase,https://carinteriorcleaning.jp/regions/aichi/chuko-tabako/,300,A,aichi,chuko-tabako
愛知_車内清掃,AG_消臭_湿気カビ,車内 カビ臭 取り方 業者,Phrase,https://carinteriorcleaning.jp/regions/aichi/shanai-nioi/,300,A,aichi,shanai-nioi
愛知_車内清掃,AG_消臭_湿気カビ,車 湿気 臭い シート 洗浄,Phrase,https://carinteriorcleaning.jp/regions/aichi/shanai-nioi/,300,A,aichi,shanai-nioi
愛知_車内清掃,AG_消臭_湿気カビ,車 原因不明 臭い 消臭 業者,Phrase,https://carinteriorcleaning.jp/regions/aichi/shanai-nioi/,300,A,aichi,shanai-nioi
愛知_車内清掃,AG_消臭_湿気カビ,車 ペット臭 消臭 プロ 出張,Phrase,https://carinteriorcleaning.jp/regions/aichi/shanai-nioi/,300,A,aichi,shanai-nioi
愛知_車内清掃,AG_消臭_湿気カビ,愛知 車内 カビ臭,Phrase,https://carinteriorcleaning.jp/regions/aichi/shanai-nioi/,300,A,aichi,shanai-nioi
愛知_車内清掃,AG_消臭_湿気カビ,愛知 湿気 車内 臭い,Phrase,https://carinteriorcleaning.jp/regions/aichi/shanai-nioi/,300,A,aichi,shanai-nioi
愛知_車内清掃,AG_エアコン_エバポレーター,エバポレーター洗浄 出張,Phrase,https://carinteriorcleaning.jp/regions/aichi/evaporator-senjo/,400,A,aichi,evaporator-senjo
愛知_車内清掃,AG_エアコン_エバポレーター,車 エアコン 酸っぱい 臭い 業者,Phrase,https://carinteriorcleaning.jp/regions/aichi/evaporator-senjo/,400,A,aichi,evaporator-senjo
愛知_車内清掃,AG_エアコン_エバポレーター,カーエアコン カビ臭 エバポレーター,Phrase,https://carinteriorcleaning.jp/regions/aichi/evaporator-senjo/,400,A,aichi,evaporator-senjo
愛知_車内清掃,AG_エアコン_エバポレーター,車 エアコン 臭い 取れない プロ,Phrase,https://carinteriorcleaning.jp/regions/aichi/evaporator-senjo/,400,A,aichi,evaporator-senjo
愛知_車内清掃,AG_エアコン_エバポレーター,車 エアコン 咳 目が痒い 洗浄,Phrase,https://carinteriorcleaning.jp/regions/aichi/evaporator-senjo/,400,A,aichi,evaporator-senjo
愛知_車内清掃,AG_エアコン_エバポレーター,車内クリーニング エバポレーター セット,Phrase,https://carinteriorcleaning.jp/regions/aichi/evaporator-senjo/,400,A,aichi,evaporator-senjo
愛知_車内清掃,AG_エアコン_エバポレーター,愛知 エアコン 臭い 車,Phrase,https://carinteriorcleaning.jp/regions/aichi/evaporator-senjo/,400,A,aichi,evaporator-senjo
愛知_車内清掃,AG_エアコン_エバポレーター,愛知 エバポレーター洗浄 出張,Phrase,https://carinteriorcleaning.jp/regions/aichi/evaporator-senjo/,400,A,aichi,evaporator-senjo
愛知_車内清掃,AG_条件_出張,車内クリーニング 即日 出張 当日,Phrase,https://carinteriorcleaning.jp/regions/aichi/shutchou-senmon/,280,S,aichi,shutchou-senmon
愛知_車内清掃,AG_条件_出張,車内清掃 1席 出張,Phrase,https://carinteriorcleaning.jp/regions/aichi/shutchou-senmon/,280,S,aichi,shutchou-senmon
愛知_車内清掃,AG_条件_出張,出張 車内クリーニング おすすめ 業者,Phrase,https://carinteriorcleaning.jp/regions/aichi/shutchou-senmon/,280,S,aichi,shutchou-senmon
愛知_車内清掃,AG_条件_出張,車内清掃 出張 料金 いくら,Phrase,https://carinteriorcleaning.jp/regions/aichi/shutchou-senmon/,280,S,aichi,shutchou-senmon
愛知_車内清掃,AG_条件_出張,愛知 出張 車内清掃 即日,Phrase,https://carinteriorcleaning.jp/regions/aichi/shutchou-senmon/,280,S,aichi,shutchou-senmon
愛知_車内清掃,AG_条件_出張,愛知 車内クリーニング 出張,Phrase,https://carinteriorcleaning.jp/regions/aichi/shutchou-senmon/,280,S,aichi,shutchou-senmon
愛知_車内清掃,AG_条件_電源不要,車内清掃 電源不要 出張,Phrase,https://carinteriorcleaning.jp/regions/aichi/dengen-fuyou/,280,S,aichi,dengen-fuyou
愛知_車内清掃,AG_条件_電源不要,マンション 車内クリーニング 出張,Phrase,https://carinteriorcleaning.jp/regions/aichi/dengen-fuyou/,280,S,aichi,dengen-fuyou
愛知_車内清掃,AG_条件_電源不要,愛知 車内清掃 電源不要,Phrase,https://carinteriorcleaning.jp/regions/aichi/dengen-fuyou/,280,S,aichi,dengen-fuyou
愛知_車内清掃,AG_保険_B2B,車内 嘔吐 保険 適用,Phrase,https://carinteriorcleaning.jp/regions/aichi/hoken-kyuto/,250,B,aichi,hoken-kyuto
愛知_車内清掃,AG_保険_B2B,レンタカー 車内 嘔吐 清掃,Phrase,https://carinteriorcleaning.jp/regions/aichi/hoken-kyuto/,250,B,aichi,hoken-kyuto
愛知_車内清掃,AG_保険_B2B,愛知 車内 嘔吐 保険,Phrase,https://carinteriorcleaning.jp/regions/aichi/hoken-kyuto/,250,B,aichi,hoken-kyuto
大阪_車内清掃,AG_緊急_嘔吐,車 嘔吐 クリーニング 出張,Phrase,https://carinteriorcleaning.jp/regions/osaka/kyuto-cleaning/,350,S,osaka,kyuto-cleaning
大阪_車内清掃,AG_緊急_嘔吐,車 ゲロ 消臭 即日,Phrase,https://carinteriorcleaning.jp/regions/osaka/kyuto-cleaning/,350,S,osaka,kyuto-cleaning
大阪_車内清掃,AG_緊急_嘔吐,車 嘔吐 消臭 どこに 頼む,Phrase,https://carinteriorcleaning.jp/regions/osaka/kyuto-cleaning/,350,S,osaka,kyuto-cleaning
大阪_車内清掃,AG_緊急_嘔吐,車 嘔吐 しまった 出張 即日,Phrase,https://carinteriorcleaning.jp/regions/osaka/kyuto-cleaning/,350,S,osaka,kyuto-cleaning
大阪_車内清掃,AG_緊急_嘔吐,大阪 車内 嘔吐 出張,Phrase,https://carinteriorcleaning.jp/regions/osaka/kyuto-cleaning/,350,S,osaka,kyuto-cleaning
大阪_車内清掃,AG_緊急_嘔吐,大阪 嘔吐 車内清掃,Phrase,https://carinteriorcleaning.jp/regions/osaka/kyuto-cleaning/,350,S,osaka,kyuto-cleaning
大阪_車内清掃,AG_緊急_子供嘔吐,子供 車 吐いた シート,Phrase,https://carinteriorcleaning.jp/regions/osaka/kodomo-kyuto/,350,S,osaka,kodomo-kyuto
大阪_車内清掃,AG_緊急_子供嘔吐,車 子供 嘔吐 シート 洗浄,Phrase,https://carinteriorcleaning.jp/regions/osaka/kodomo-kyuto/,350,S,osaka,kodomo-kyuto
大阪_車内清掃,AG_緊急_子供嘔吐,車酔い 嘔吐 出張,Phrase,https://carinteriorcleaning.jp/regions/osaka/kodomo-kyuto/,350,S,osaka,kodomo-kyuto
大阪_車内清掃,AG_緊急_子供嘔吐,大阪 子供 嘔吐 車内,Phrase,https://carinteriorcleaning.jp/regions/osaka/kodomo-kyuto/,350,S,osaka,kodomo-kyuto
大阪_車内清掃,AG_緊急_灯油,車 灯油 こぼし 出張,Exact,https://carinteriorcleaning.jp/regions/osaka/touyu-kobosi/,350,S,osaka,touyu-kobosi
大阪_車内清掃,AG_緊急_灯油,車 灯油 臭い 取れない 業者,Phrase,https://carinteriorcleaning.jp/regions/osaka/touyu-kobosi/,350,S,osaka,touyu-kobosi
大阪_車内清掃,AG_緊急_灯油,車 灯油 こぼした 消臭 出張,Phrase,https://carinteriorcleaning.jp/regions/osaka/touyu-kobosi/,350,S,osaka,touyu-kobosi
大阪_車内清掃,AG_緊急_灯油,車内 灯油 こぼし 消臭,Phrase,https://carinteriorcleaning.jp/regions/osaka/touyu-kobosi/,350,S,osaka,touyu-kobosi
大阪_車内清掃,AG_緊急_灯油,大阪 灯油 こぼし 車,Phrase,https://carinteriorcleaning.jp/regions/osaka/touyu-kobosi/,350,S,osaka,touyu-kobosi
大阪_車内清掃,AG_緊急_ペット,車 おしっこ シート 洗浄 出張,Phrase,https://carinteriorcleaning.jp/regions/osaka/oshikko/,320,S,osaka,oshikko
大阪_車内清掃,AG_緊急_ペット,車 おもらし シート 洗浄,Phrase,https://carinteriorcleaning.jp/regions/osaka/oshikko/,320,S,osaka,oshikko
大阪_車内清掃,AG_緊急_ペット,ペット 粗相 車 消臭,Phrase,https://carinteriorcleaning.jp/regions/osaka/oshikko/,320,S,osaka,oshikko
大阪_車内清掃,AG_緊急_ペット,犬 車 お漏らし 消臭 業者,Phrase,https://carinteriorcleaning.jp/regions/osaka/oshikko/,320,S,osaka,oshikko
大阪_車内清掃,AG_緊急_ペット,大阪 ペット 車内 清掃,Phrase,https://carinteriorcleaning.jp/regions/osaka/oshikko/,320,S,osaka,oshikko
大阪_車内清掃,AG_消臭_口語,車 匂い 消し 業者,Phrase,https://carinteriorcleaning.jp/regions/osaka/kuruma-nioi-keshi/,280,S,osaka,kuruma-nioi-keshi
大阪_車内清掃,AG_消臭_口語,車内 クサイ 消臭,Phrase,https://carinteriorcleaning.jp/regions/osaka/kuruma-nioi-keshi/,280,S,osaka,kuruma-nioi-keshi
大阪_車内清掃,AG_消臭_口語,車 臭い 取れない プロ,Phrase,https://carinteriorcleaning.jp/regions/osaka/kuruma-nioi-keshi/,280,S,osaka,kuruma-nioi-keshi
大阪_車内清掃,AG_消臭_口語,消臭スプレー 効かない 車,Phrase,https://carinteriorcleaning.jp/regions/osaka/kuruma-nioi-keshi/,280,S,osaka,kuruma-nioi-keshi
大阪_車内清掃,AG_消臭_口語,車 芳香剤 臭い 取れない,Phrase,https://carinteriorcleaning.jp/regions/osaka/kuruma-nioi-keshi/,280,S,osaka,kuruma-nioi-keshi
大阪_車内清掃,AG_消臭_口語,大阪 車内 消臭 出張,Phrase,https://carinteriorcleaning.jp/regions/osaka/kuruma-nioi-keshi/,280,S,osaka,kuruma-nioi-keshi
大阪_車内清掃,AG_消臭_中古車,中古車 タバコ臭 消せない,Phrase,https://carinteriorcleaning.jp/regions/osaka/chuko-tabako/,300,A,osaka,chuko-tabako
大阪_車内清掃,AG_消臭_中古車,中古車 加齢臭 車内,Phrase,https://carinteriorcleaning.jp/regions/osaka/chuko-tabako/,300,A,osaka,chuko-tabako
大阪_車内清掃,AG_消臭_中古車,車 タバコ臭 取れない 業者 出張,Phrase,https://carinteriorcleaning.jp/regions/osaka/chuko-tabako/,300,A,osaka,chuko-tabako
大阪_車内清掃,AG_消臭_中古車,大阪 中古車 臭い 車内,Phrase,https://carinteriorcleaning.jp/regions/osaka/chuko-tabako/,300,A,osaka,chuko-tabako
大阪_車内清掃,AG_消臭_湿気カビ,車内 カビ臭 取り方 業者,Phrase,https://carinteriorcleaning.jp/regions/osaka/shanai-nioi/,300,A,osaka,shanai-nioi
大阪_車内清掃,AG_消臭_湿気カビ,車 湿気 臭い シート 洗浄,Phrase,https://carinteriorcleaning.jp/regions/osaka/shanai-nioi/,300,A,osaka,shanai-nioi
大阪_車内清掃,AG_消臭_湿気カビ,車 原因不明 臭い 消臭 業者,Phrase,https://carinteriorcleaning.jp/regions/osaka/shanai-nioi/,300,A,osaka,shanai-nioi
大阪_車内清掃,AG_消臭_湿気カビ,車 ペット臭 消臭 プロ 出張,Phrase,https://carinteriorcleaning.jp/regions/osaka/shanai-nioi/,300,A,osaka,shanai-nioi
大阪_車内清掃,AG_消臭_湿気カビ,大阪 車内 カビ臭,Phrase,https://carinteriorcleaning.jp/regions/osaka/shanai-nioi/,300,A,osaka,shanai-nioi
大阪_車内清掃,AG_消臭_湿気カビ,大阪 湿気 車内 臭い,Phrase,https://carinteriorcleaning.jp/regions/osaka/shanai-nioi/,300,A,osaka,shanai-nioi
大阪_車内清掃,AG_エアコン_エバポレーター,エバポレーター洗浄 出張,Phrase,https://carinteriorcleaning.jp/regions/osaka/evaporator-senjo/,400,A,osaka,evaporator-senjo
大阪_車内清掃,AG_エアコン_エバポレーター,車 エアコン 酸っぱい 臭い 業者,Phrase,https://carinteriorcleaning.jp/regions/osaka/evaporator-senjo/,400,A,osaka,evaporator-senjo
大阪_車内清掃,AG_エアコン_エバポレーター,カーエアコン カビ臭 エバポレーター,Phrase,https://carinteriorcleaning.jp/regions/osaka/evaporator-senjo/,400,A,osaka,evaporator-senjo
大阪_車内清掃,AG_エアコン_エバポレーター,車 エアコン 臭い 取れない プロ,Phrase,https://carinteriorcleaning.jp/regions/osaka/evaporator-senjo/,400,A,osaka,evaporator-senjo
大阪_車内清掃,AG_エアコン_エバポレーター,車 エアコン 咳 目が痒い 洗浄,Phrase,https://carinteriorcleaning.jp/regions/osaka/evaporator-senjo/,400,A,osaka,evaporator-senjo
大阪_車内清掃,AG_エアコン_エバポレーター,車内クリーニング エバポレーター セット,Phrase,https://carinteriorcleaning.jp/regions/osaka/evaporator-senjo/,400,A,osaka,evaporator-senjo
大阪_車内清掃,AG_エアコン_エバポレーター,大阪 エアコン 臭い 車,Phrase,https://carinteriorcleaning.jp/regions/osaka/evaporator-senjo/,400,A,osaka,evaporator-senjo
大阪_車内清掃,AG_エアコン_エバポレーター,大阪 エバポレーター洗浄 出張,Phrase,https://carinteriorcleaning.jp/regions/osaka/evaporator-senjo/,400,A,osaka,evaporator-senjo
大阪_車内清掃,AG_条件_出張,車内クリーニング 即日 出張 当日,Phrase,https://carinteriorcleaning.jp/regions/osaka/shutchou-senmon/,280,S,osaka,shutchou-senmon
大阪_車内清掃,AG_条件_出張,車内清掃 1席 出張,Phrase,https://carinteriorcleaning.jp/regions/osaka/shutchou-senmon/,280,S,osaka,shutchou-senmon
大阪_車内清掃,AG_条件_出張,出張 車内クリーニング おすすめ 業者,Phrase,https://carinteriorcleaning.jp/regions/osaka/shutchou-senmon/,280,S,osaka,shutchou-senmon
大阪_車内清掃,AG_条件_出張,車内清掃 出張 料金 いくら,Phrase,https://carinteriorcleaning.jp/regions/osaka/shutchou-senmon/,280,S,osaka,shutchou-senmon
大阪_車内清掃,AG_条件_出張,大阪 出張 車内清掃 即日,Phrase,https://carinteriorcleaning.jp/regions/osaka/shutchou-senmon/,280,S,osaka,shutchou-senmon
大阪_車内清掃,AG_条件_出張,大阪 車内クリーニング 出張,Phrase,https://carinteriorcleaning.jp/regions/osaka/shutchou-senmon/,280,S,osaka,shutchou-senmon
大阪_車内清掃,AG_条件_電源不要,車内清掃 電源不要 出張,Phrase,https://carinteriorcleaning.jp/regions/osaka/dengen-fuyou/,280,S,osaka,dengen-fuyou
大阪_車内清掃,AG_条件_電源不要,マンション 車内クリーニング 出張,Phrase,https://carinteriorcleaning.jp/regions/osaka/dengen-fuyou/,280,S,osaka,dengen-fuyou
大阪_車内清掃,AG_条件_電源不要,大阪 車内清掃 電源不要,Phrase,https://carinteriorcleaning.jp/regions/osaka/dengen-fuyou/,280,S,osaka,dengen-fuyou
大阪_車内清掃,AG_保険_B2B,車内 嘔吐 保険 適用,Phrase,https://carinteriorcleaning.jp/regions/osaka/hoken-kyuto/,250,B,osaka,hoken-kyuto
大阪_車内清掃,AG_保険_B2B,レンタカー 車内 嘔吐 清掃,Phrase,https://carinteriorcleaning.jp/regions/osaka/hoken-kyuto/,250,B,osaka,hoken-kyuto
大阪_車内清掃,AG_保険_B2B,大阪 車内 嘔吐 保険,Phrase,https://carinteriorcleaning.jp/regions/osaka/hoken-kyuto/,250,B,osaka,hoken-kyuto
大阪_車内清掃,AG_バス_トラック,バス 嘔吐 清掃 即日,Phrase,https://carinteriorcleaning.jp/regions/osaka/bus-senmon/,200,B,osaka,bus-senmon
兵庫_車内清掃,AG_緊急_嘔吐,車 嘔吐 クリーニング 出張,Phrase,https://carinteriorcleaning.jp/regions/hyogo/kyuto-cleaning/,350,S,hyogo,kyuto-cleaning
兵庫_車内清掃,AG_緊急_嘔吐,車 ゲロ 消臭 即日,Phrase,https://carinteriorcleaning.jp/regions/hyogo/kyuto-cleaning/,350,S,hyogo,kyuto-cleaning
兵庫_車内清掃,AG_緊急_嘔吐,車 嘔吐 消臭 どこに 頼む,Phrase,https://carinteriorcleaning.jp/regions/hyogo/kyuto-cleaning/,350,S,hyogo,kyuto-cleaning
兵庫_車内清掃,AG_緊急_嘔吐,車 嘔吐 しまった 出張 即日,Phrase,https://carinteriorcleaning.jp/regions/hyogo/kyuto-cleaning/,350,S,hyogo,kyuto-cleaning
兵庫_車内清掃,AG_緊急_嘔吐,兵庫 車内 嘔吐 出張,Phrase,https://carinteriorcleaning.jp/regions/hyogo/kyuto-cleaning/,350,S,hyogo,kyuto-cleaning
兵庫_車内清掃,AG_緊急_嘔吐,兵庫 嘔吐 車内清掃,Phrase,https://carinteriorcleaning.jp/regions/hyogo/kyuto-cleaning/,350,S,hyogo,kyuto-cleaning
兵庫_車内清掃,AG_緊急_子供嘔吐,子供 車 吐いた シート,Phrase,https://carinteriorcleaning.jp/regions/hyogo/kodomo-kyuto/,350,S,hyogo,kodomo-kyuto
兵庫_車内清掃,AG_緊急_子供嘔吐,車 子供 嘔吐 シート 洗浄,Phrase,https://carinteriorcleaning.jp/regions/hyogo/kodomo-kyuto/,350,S,hyogo,kodomo-kyuto
兵庫_車内清掃,AG_緊急_子供嘔吐,車酔い 嘔吐 出張,Phrase,https://carinteriorcleaning.jp/regions/hyogo/kodomo-kyuto/,350,S,hyogo,kodomo-kyuto
兵庫_車内清掃,AG_緊急_子供嘔吐,兵庫 子供 嘔吐 車内,Phrase,https://carinteriorcleaning.jp/regions/hyogo/kodomo-kyuto/,350,S,hyogo,kodomo-kyuto
兵庫_車内清掃,AG_緊急_灯油,車 灯油 こぼし 出張,Exact,https://carinteriorcleaning.jp/regions/hyogo/touyu-kobosi/,350,S,hyogo,touyu-kobosi
兵庫_車内清掃,AG_緊急_灯油,車 灯油 臭い 取れない 業者,Phrase,https://carinteriorcleaning.jp/regions/hyogo/touyu-kobosi/,350,S,hyogo,touyu-kobosi
兵庫_車内清掃,AG_緊急_灯油,車 灯油 こぼした 消臭 出張,Phrase,https://carinteriorcleaning.jp/regions/hyogo/touyu-kobosi/,350,S,hyogo,touyu-kobosi
兵庫_車内清掃,AG_緊急_灯油,車内 灯油 こぼし 消臭,Phrase,https://carinteriorcleaning.jp/regions/hyogo/touyu-kobosi/,350,S,hyogo,touyu-kobosi
兵庫_車内清掃,AG_緊急_灯油,兵庫 灯油 こぼし 車,Phrase,https://carinteriorcleaning.jp/regions/hyogo/touyu-kobosi/,350,S,hyogo,touyu-kobosi
兵庫_車内清掃,AG_緊急_ペット,車 おしっこ シート 洗浄 出張,Phrase,https://carinteriorcleaning.jp/regions/hyogo/oshikko/,320,S,hyogo,oshikko
兵庫_車内清掃,AG_緊急_ペット,車 おもらし シート 洗浄,Phrase,https://carinteriorcleaning.jp/regions/hyogo/oshikko/,320,S,hyogo,oshikko
兵庫_車内清掃,AG_緊急_ペット,ペット 粗相 車 消臭,Phrase,https://carinteriorcleaning.jp/regions/hyogo/oshikko/,320,S,hyogo,oshikko
兵庫_車内清掃,AG_緊急_ペット,犬 車 お漏らし 消臭 業者,Phrase,https://carinteriorcleaning.jp/regions/hyogo/oshikko/,320,S,hyogo,oshikko
兵庫_車内清掃,AG_緊急_ペット,兵庫 ペット 車内 清掃,Phrase,https://carinteriorcleaning.jp/regions/hyogo/oshikko/,320,S,hyogo,oshikko
兵庫_車内清掃,AG_消臭_口語,車 匂い 消し 業者,Phrase,https://carinteriorcleaning.jp/regions/hyogo/kuruma-nioi-keshi/,280,S,hyogo,kuruma-nioi-keshi
兵庫_車内清掃,AG_消臭_口語,車内 クサイ 消臭,Phrase,https://carinteriorcleaning.jp/regions/hyogo/kuruma-nioi-keshi/,280,S,hyogo,kuruma-nioi-keshi
兵庫_車内清掃,AG_消臭_口語,車 臭い 取れない プロ,Phrase,https://carinteriorcleaning.jp/regions/hyogo/kuruma-nioi-keshi/,280,S,hyogo,kuruma-nioi-keshi
兵庫_車内清掃,AG_消臭_口語,消臭スプレー 効かない 車,Phrase,https://carinteriorcleaning.jp/regions/hyogo/kuruma-nioi-keshi/,280,S,hyogo,kuruma-nioi-keshi
兵庫_車内清掃,AG_消臭_口語,車 芳香剤 臭い 取れない,Phrase,https://carinteriorcleaning.jp/regions/hyogo/kuruma-nioi-keshi/,280,S,hyogo,kuruma-nioi-keshi
兵庫_車内清掃,AG_消臭_口語,兵庫 車内 消臭 出張,Phrase,https://carinteriorcleaning.jp/regions/hyogo/kuruma-nioi-keshi/,280,S,hyogo,kuruma-nioi-keshi
兵庫_車内清掃,AG_消臭_中古車,中古車 タバコ臭 消せない,Phrase,https://carinteriorcleaning.jp/regions/hyogo/chuko-tabako/,300,A,hyogo,chuko-tabako
兵庫_車内清掃,AG_消臭_中古車,中古車 加齢臭 車内,Phrase,https://carinteriorcleaning.jp/regions/hyogo/chuko-tabako/,300,A,hyogo,chuko-tabako
兵庫_車内清掃,AG_消臭_中古車,車 タバコ臭 取れない 業者 出張,Phrase,https://carinteriorcleaning.jp/regions/hyogo/chuko-tabako/,300,A,hyogo,chuko-tabako
兵庫_車内清掃,AG_消臭_中古車,兵庫 中古車 臭い 車内,Phrase,https://carinteriorcleaning.jp/regions/hyogo/chuko-tabako/,300,A,hyogo,chuko-tabako
兵庫_車内清掃,AG_消臭_湿気カビ,車内 カビ臭 取り方 業者,Phrase,https://carinteriorcleaning.jp/regions/hyogo/shanai-nioi/,300,A,hyogo,shanai-nioi
兵庫_車内清掃,AG_消臭_湿気カビ,車 湿気 臭い シート 洗浄,Phrase,https://carinteriorcleaning.jp/regions/hyogo/shanai-nioi/,300,A,hyogo,shanai-nioi
兵庫_車内清掃,AG_消臭_湿気カビ,車 原因不明 臭い 消臭 業者,Phrase,https://carinteriorcleaning.jp/regions/hyogo/shanai-nioi/,300,A,hyogo,shanai-nioi
兵庫_車内清掃,AG_消臭_湿気カビ,車 ペット臭 消臭 プロ 出張,Phrase,https://carinteriorcleaning.jp/regions/hyogo/shanai-nioi/,300,A,hyogo,shanai-nioi
兵庫_車内清掃,AG_消臭_湿気カビ,兵庫 車内 カビ臭,Phrase,https://carinteriorcleaning.jp/regions/hyogo/shanai-nioi/,300,A,hyogo,shanai-nioi
兵庫_車内清掃,AG_消臭_湿気カビ,兵庫 湿気 車内 臭い,Phrase,https://carinteriorcleaning.jp/regions/hyogo/shanai-nioi/,300,A,hyogo,shanai-nioi
兵庫_車内清掃,AG_エアコン_エバポレーター,エバポレーター洗浄 出張,Phrase,https://carinteriorcleaning.jp/regions/hyogo/evaporator-senjo/,400,A,hyogo,evaporator-senjo
兵庫_車内清掃,AG_エアコン_エバポレーター,車 エアコン 酸っぱい 臭い 業者,Phrase,https://carinteriorcleaning.jp/regions/hyogo/evaporator-senjo/,400,A,hyogo,evaporator-senjo
兵庫_車内清掃,AG_エアコン_エバポレーター,カーエアコン カビ臭 エバポレーター,Phrase,https://carinteriorcleaning.jp/regions/hyogo/evaporator-senjo/,400,A,hyogo,evaporator-senjo
兵庫_車内清掃,AG_エアコン_エバポレーター,車 エアコン 臭い 取れない プロ,Phrase,https://carinteriorcleaning.jp/regions/hyogo/evaporator-senjo/,400,A,hyogo,evaporator-senjo
兵庫_車内清掃,AG_エアコン_エバポレーター,車 エアコン 咳 目が痒い 洗浄,Phrase,https://carinteriorcleaning.jp/regions/hyogo/evaporator-senjo/,400,A,hyogo,evaporator-senjo
兵庫_車内清掃,AG_エアコン_エバポレーター,車内クリーニング エバポレーター セット,Phrase,https://carinteriorcleaning.jp/regions/hyogo/evaporator-senjo/,400,A,hyogo,evaporator-senjo
兵庫_車内清掃,AG_エアコン_エバポレーター,兵庫 エアコン 臭い 車,Phrase,https://carinteriorcleaning.jp/regions/hyogo/evaporator-senjo/,400,A,hyogo,evaporator-senjo
兵庫_車内清掃,AG_エアコン_エバポレーター,兵庫 エバポレーター洗浄 出張,Phrase,https://carinteriorcleaning.jp/regions/hyogo/evaporator-senjo/,400,A,hyogo,evaporator-senjo
兵庫_車内清掃,AG_条件_出張,車内クリーニング 即日 出張 当日,Phrase,https://carinteriorcleaning.jp/regions/hyogo/shutchou-senmon/,280,S,hyogo,shutchou-senmon
兵庫_車内清掃,AG_条件_出張,車内清掃 1席 出張,Phrase,https://carinteriorcleaning.jp/regions/hyogo/shutchou-senmon/,280,S,hyogo,shutchou-senmon
兵庫_車内清掃,AG_条件_出張,出張 車内クリーニング おすすめ 業者,Phrase,https://carinteriorcleaning.jp/regions/hyogo/shutchou-senmon/,280,S,hyogo,shutchou-senmon
兵庫_車内清掃,AG_条件_出張,車内清掃 出張 料金 いくら,Phrase,https://carinteriorcleaning.jp/regions/hyogo/shutchou-senmon/,280,S,hyogo,shutchou-senmon
兵庫_車内清掃,AG_条件_出張,兵庫 出張 車内清掃 即日,Phrase,https://carinteriorcleaning.jp/regions/hyogo/shutchou-senmon/,280,S,hyogo,shutchou-senmon
兵庫_車内清掃,AG_条件_出張,兵庫 車内クリーニング 出張,Phrase,https://carinteriorcleaning.jp/regions/hyogo/shutchou-senmon/,280,S,hyogo,shutchou-senmon
兵庫_車内清掃,AG_条件_電源不要,車内清掃 電源不要 出張,Phrase,https://carinteriorcleaning.jp/regions/hyogo/dengen-fuyou/,280,S,hyogo,dengen-fuyou
兵庫_車内清掃,AG_条件_電源不要,マンション 車内クリーニング 出張,Phrase,https://carinteriorcleaning.jp/regions/hyogo/dengen-fuyou/,280,S,hyogo,dengen-fuyou
兵庫_車内清掃,AG_条件_電源不要,兵庫 車内清掃 電源不要,Phrase,https://carinteriorcleaning.jp/regions/hyogo/dengen-fuyou/,280,S,hyogo,dengen-fuyou
兵庫_車内清掃,AG_保険_B2B,車内 嘔吐 保険 適用,Phrase,https://carinteriorcleaning.jp/regions/hyogo/hoken-kyuto/,250,B,hyogo,hoken-kyuto
兵庫_車内清掃,AG_保険_B2B,レンタカー 車内 嘔吐 清掃,Phrase,https://carinteriorcleaning.jp/regions/hyogo/hoken-kyuto/,250,B,hyogo,hoken-kyuto
兵庫_車内清掃,AG_保険_B2B,兵庫 車内 嘔吐 保険,Phrase,https://carinteriorcleaning.jp/regions/hyogo/hoken-kyuto/,250,B,hyogo,hoken-kyuto
福岡_車内清掃,AG_緊急_嘔吐,車 嘔吐 クリーニング 出張,Phrase,https://carinteriorcleaning.jp/regions/fukuoka/kyuto-cleaning/,350,S,fukuoka,kyuto-cleaning
福岡_車内清掃,AG_緊急_嘔吐,車 ゲロ 消臭 即日,Phrase,https://carinteriorcleaning.jp/regions/fukuoka/kyuto-cleaning/,350,S,fukuoka,kyuto-cleaning
福岡_車内清掃,AG_緊急_嘔吐,車 嘔吐 消臭 どこに 頼む,Phrase,https://carinteriorcleaning.jp/regions/fukuoka/kyuto-cleaning/,350,S,fukuoka,kyuto-cleaning
福岡_車内清掃,AG_緊急_嘔吐,車 嘔吐 しまった 出張 即日,Phrase,https://carinteriorcleaning.jp/regions/fukuoka/kyuto-cleaning/,350,S,fukuoka,kyuto-cleaning
福岡_車内清掃,AG_緊急_嘔吐,福岡 車内 嘔吐 出張,Phrase,https://carinteriorcleaning.jp/regions/fukuoka/kyuto-cleaning/,350,S,fukuoka,kyuto-cleaning
福岡_車内清掃,AG_緊急_嘔吐,福岡 嘔吐 車内清掃,Phrase,https://carinteriorcleaning.jp/regions/fukuoka/kyuto-cleaning/,350,S,fukuoka,kyuto-cleaning
福岡_車内清掃,AG_緊急_子供嘔吐,子供 車 吐いた シート,Phrase,https://carinteriorcleaning.jp/regions/fukuoka/kodomo-kyuto/,350,S,fukuoka,kodomo-kyuto
福岡_車内清掃,AG_緊急_子供嘔吐,車 子供 嘔吐 シート 洗浄,Phrase,https://carinteriorcleaning.jp/regions/fukuoka/kodomo-kyuto/,350,S,fukuoka,kodomo-kyuto
福岡_車内清掃,AG_緊急_子供嘔吐,車酔い 嘔吐 出張,Phrase,https://carinteriorcleaning.jp/regions/fukuoka/kodomo-kyuto/,350,S,fukuoka,kodomo-kyuto
福岡_車内清掃,AG_緊急_子供嘔吐,福岡 子供 嘔吐 車内,Phrase,https://carinteriorcleaning.jp/regions/fukuoka/kodomo-kyuto/,350,S,fukuoka,kodomo-kyuto
福岡_車内清掃,AG_緊急_灯油,車 灯油 こぼし 出張,Exact,https://carinteriorcleaning.jp/regions/fukuoka/touyu-kobosi/,350,S,fukuoka,touyu-kobosi
福岡_車内清掃,AG_緊急_灯油,車 灯油 臭い 取れない 業者,Phrase,https://carinteriorcleaning.jp/regions/fukuoka/touyu-kobosi/,350,S,fukuoka,touyu-kobosi
福岡_車内清掃,AG_緊急_灯油,車 灯油 こぼした 消臭 出張,Phrase,https://carinteriorcleaning.jp/regions/fukuoka/touyu-kobosi/,350,S,fukuoka,touyu-kobosi
福岡_車内清掃,AG_緊急_灯油,車内 灯油 こぼし 消臭,Phrase,https://carinteriorcleaning.jp/regions/fukuoka/touyu-kobosi/,350,S,fukuoka,touyu-kobosi
福岡_車内清掃,AG_緊急_灯油,福岡 灯油 こぼし 車,Phrase,https://carinteriorcleaning.jp/regions/fukuoka/touyu-kobosi/,350,S,fukuoka,touyu-kobosi
福岡_車内清掃,AG_緊急_ペット,車 おしっこ シート 洗浄 出張,Phrase,https://carinteriorcleaning.jp/regions/fukuoka/oshikko/,320,S,fukuoka,oshikko
福岡_車内清掃,AG_緊急_ペット,車 おもらし シート 洗浄,Phrase,https://carinteriorcleaning.jp/regions/fukuoka/oshikko/,320,S,fukuoka,oshikko
福岡_車内清掃,AG_緊急_ペット,ペット 粗相 車 消臭,Phrase,https://carinteriorcleaning.jp/regions/fukuoka/oshikko/,320,S,fukuoka,oshikko
福岡_車内清掃,AG_緊急_ペット,犬 車 お漏らし 消臭 業者,Phrase,https://carinteriorcleaning.jp/regions/fukuoka/oshikko/,320,S,fukuoka,oshikko
福岡_車内清掃,AG_緊急_ペット,福岡 ペット 車内 清掃,Phrase,https://carinteriorcleaning.jp/regions/fukuoka/oshikko/,320,S,fukuoka,oshikko
福岡_車内清掃,AG_消臭_口語,車 匂い 消し 業者,Phrase,https://carinteriorcleaning.jp/regions/fukuoka/kuruma-nioi-keshi/,280,S,fukuoka,kuruma-nioi-keshi
福岡_車内清掃,AG_消臭_口語,車内 クサイ 消臭,Phrase,https://carinteriorcleaning.jp/regions/fukuoka/kuruma-nioi-keshi/,280,S,fukuoka,kuruma-nioi-keshi
福岡_車内清掃,AG_消臭_口語,車 臭い 取れない プロ,Phrase,https://carinteriorcleaning.jp/regions/fukuoka/kuruma-nioi-keshi/,280,S,fukuoka,kuruma-nioi-keshi
福岡_車内清掃,AG_消臭_口語,消臭スプレー 効かない 車,Phrase,https://carinteriorcleaning.jp/regions/fukuoka/kuruma-nioi-keshi/,280,S,fukuoka,kuruma-nioi-keshi
福岡_車内清掃,AG_消臭_口語,車 芳香剤 臭い 取れない,Phrase,https://carinteriorcleaning.jp/regions/fukuoka/kuruma-nioi-keshi/,280,S,fukuoka,kuruma-nioi-keshi
福岡_車内清掃,AG_消臭_口語,福岡 車内 消臭 出張,Phrase,https://carinteriorcleaning.jp/regions/fukuoka/kuruma-nioi-keshi/,280,S,fukuoka,kuruma-nioi-keshi
福岡_車内清掃,AG_消臭_中古車,中古車 タバコ臭 消せない,Phrase,https://carinteriorcleaning.jp/regions/fukuoka/chuko-tabako/,300,A,fukuoka,chuko-tabako
福岡_車内清掃,AG_消臭_中古車,中古車 加齢臭 車内,Phrase,https://carinteriorcleaning.jp/regions/fukuoka/chuko-tabako/,300,A,fukuoka,chuko-tabako
福岡_車内清掃,AG_消臭_中古車,車 タバコ臭 取れない 業者 出張,Phrase,https://carinteriorcleaning.jp/regions/fukuoka/chuko-tabako/,300,A,fukuoka,chuko-tabako
福岡_車内清掃,AG_消臭_中古車,福岡 中古車 臭い 車内,Phrase,https://carinteriorcleaning.jp/regions/fukuoka/chuko-tabako/,300,A,fukuoka,chuko-tabako
福岡_車内清掃,AG_消臭_湿気カビ,車内 カビ臭 取り方 業者,Phrase,https://carinteriorcleaning.jp/regions/fukuoka/shanai-nioi/,300,A,fukuoka,shanai-nioi
福岡_車内清掃,AG_消臭_湿気カビ,車 湿気 臭い シート 洗浄,Phrase,https://carinteriorcleaning.jp/regions/fukuoka/shanai-nioi/,300,A,fukuoka,shanai-nioi
福岡_車内清掃,AG_消臭_湿気カビ,車 原因不明 臭い 消臭 業者,Phrase,https://carinteriorcleaning.jp/regions/fukuoka/shanai-nioi/,300,A,fukuoka,shanai-nioi
福岡_車内清掃,AG_消臭_湿気カビ,車 ペット臭 消臭 プロ 出張,Phrase,https://carinteriorcleaning.jp/regions/fukuoka/shanai-nioi/,300,A,fukuoka,shanai-nioi
福岡_車内清掃,AG_消臭_湿気カビ,福岡 車内 カビ臭,Phrase,https://carinteriorcleaning.jp/regions/fukuoka/shanai-nioi/,300,A,fukuoka,shanai-nioi
福岡_車内清掃,AG_消臭_湿気カビ,福岡 湿気 車内 臭い,Phrase,https://carinteriorcleaning.jp/regions/fukuoka/shanai-nioi/,300,A,fukuoka,shanai-nioi
福岡_車内清掃,AG_エアコン_エバポレーター,エバポレーター洗浄 出張,Phrase,https://carinteriorcleaning.jp/regions/fukuoka/evaporator-senjo/,400,A,fukuoka,evaporator-senjo
福岡_車内清掃,AG_エアコン_エバポレーター,車 エアコン 酸っぱい 臭い 業者,Phrase,https://carinteriorcleaning.jp/regions/fukuoka/evaporator-senjo/,400,A,fukuoka,evaporator-senjo
福岡_車内清掃,AG_エアコン_エバポレーター,カーエアコン カビ臭 エバポレーター,Phrase,https://carinteriorcleaning.jp/regions/fukuoka/evaporator-senjo/,400,A,fukuoka,evaporator-senjo
福岡_車内清掃,AG_エアコン_エバポレーター,車 エアコン 臭い 取れない プロ,Phrase,https://carinteriorcleaning.jp/regions/fukuoka/evaporator-senjo/,400,A,fukuoka,evaporator-senjo
福岡_車内清掃,AG_エアコン_エバポレーター,車 エアコン 咳 目が痒い 洗浄,Phrase,https://carinteriorcleaning.jp/regions/fukuoka/evaporator-senjo/,400,A,fukuoka,evaporator-senjo
福岡_車内清掃,AG_エアコン_エバポレーター,車内クリーニング エバポレーター セット,Phrase,https://carinteriorcleaning.jp/regions/fukuoka/evaporator-senjo/,400,A,fukuoka,evaporator-senjo
福岡_車内清掃,AG_エアコン_エバポレーター,福岡 エアコン 臭い 車,Phrase,https://carinteriorcleaning.jp/regions/fukuoka/evaporator-senjo/,400,A,fukuoka,evaporator-senjo
福岡_車内清掃,AG_エアコン_エバポレーター,福岡 エバポレーター洗浄 出張,Phrase,https://carinteriorcleaning.jp/regions/fukuoka/evaporator-senjo/,400,A,fukuoka,evaporator-senjo
福岡_車内清掃,AG_条件_出張,車内クリーニング 即日 出張 当日,Phrase,https://carinteriorcleaning.jp/regions/fukuoka/shutchou-senmon/,280,S,fukuoka,shutchou-senmon
福岡_車内清掃,AG_条件_出張,車内清掃 1席 出張,Phrase,https://carinteriorcleaning.jp/regions/fukuoka/shutchou-senmon/,280,S,fukuoka,shutchou-senmon
福岡_車内清掃,AG_条件_出張,出張 車内クリーニング おすすめ 業者,Phrase,https://carinteriorcleaning.jp/regions/fukuoka/shutchou-senmon/,280,S,fukuoka,shutchou-senmon
福岡_車内清掃,AG_条件_出張,車内清掃 出張 料金 いくら,Phrase,https://carinteriorcleaning.jp/regions/fukuoka/shutchou-senmon/,280,S,fukuoka,shutchou-senmon
福岡_車内清掃,AG_条件_出張,福岡 出張 車内清掃 即日,Phrase,https://carinteriorcleaning.jp/regions/fukuoka/shutchou-senmon/,280,S,fukuoka,shutchou-senmon
福岡_車内清掃,AG_条件_出張,福岡 車内クリーニング 出張,Phrase,https://carinteriorcleaning.jp/regions/fukuoka/shutchou-senmon/,280,S,fukuoka,shutchou-senmon
福岡_車内清掃,AG_条件_電源不要,車内清掃 電源不要 出張,Phrase,https://carinteriorcleaning.jp/regions/fukuoka/dengen-fuyou/,280,S,fukuoka,dengen-fuyou
福岡_車内清掃,AG_条件_電源不要,マンション 車内クリーニング 出張,Phrase,https://carinteriorcleaning.jp/regions/fukuoka/dengen-fuyou/,280,S,fukuoka,dengen-fuyou
福岡_車内清掃,AG_条件_電源不要,福岡 車内清掃 電源不要,Phrase,https://carinteriorcleaning.jp/regions/fukuoka/dengen-fuyou/,280,S,fukuoka,dengen-fuyou
福岡_車内清掃,AG_保険_B2B,車内 嘔吐 保険 適用,Phrase,https://carinteriorcleaning.jp/regions/fukuoka/hoken-kyuto/,250,B,fukuoka,hoken-kyuto
福岡_車内清掃,AG_保険_B2B,レンタカー 車内 嘔吐 清掃,Phrase,https://carinteriorcleaning.jp/regions/fukuoka/hoken-kyuto/,250,B,fukuoka,hoken-kyuto
福岡_車内清掃,AG_保険_B2B,福岡 車内 嘔吐 保険,Phrase,https://carinteriorcleaning.jp/regions/fukuoka/hoken-kyuto/,250,B,fukuoka,hoken-kyuto
福岡_車内清掃,AG_バス_トラック,バス 嘔吐 清掃 即日,Phrase,https://carinteriorcleaning.jp/regions/fukuoka/bus-senmon/,200,B,fukuoka,bus-senmon
沖縄_車内清掃,AG_緊急_嘔吐,車 嘔吐 クリーニング 出張,Phrase,https://carinteriorcleaning.jp/regions/okinawa/kyuto-cleaning/,350,S,okinawa,kyuto-cleaning
沖縄_車内清掃,AG_緊急_嘔吐,車 ゲロ 消臭 即日,Phrase,https://carinteriorcleaning.jp/regions/okinawa/kyuto-cleaning/,350,S,okinawa,kyuto-cleaning
沖縄_車内清掃,AG_緊急_嘔吐,車 嘔吐 消臭 どこに 頼む,Phrase,https://carinteriorcleaning.jp/regions/okinawa/kyuto-cleaning/,350,S,okinawa,kyuto-cleaning
沖縄_車内清掃,AG_緊急_嘔吐,車 嘔吐 しまった 出張 即日,Phrase,https://carinteriorcleaning.jp/regions/okinawa/kyuto-cleaning/,350,S,okinawa,kyuto-cleaning
沖縄_車内清掃,AG_緊急_嘔吐,沖縄 車内 嘔吐 出張,Phrase,https://carinteriorcleaning.jp/regions/okinawa/kyuto-cleaning/,350,S,okinawa,kyuto-cleaning
沖縄_車内清掃,AG_緊急_嘔吐,沖縄 嘔吐 車内清掃,Phrase,https://carinteriorcleaning.jp/regions/okinawa/kyuto-cleaning/,350,S,okinawa,kyuto-cleaning
沖縄_車内清掃,AG_緊急_子供嘔吐,子供 車 吐いた シート,Phrase,https://carinteriorcleaning.jp/regions/okinawa/kodomo-kyuto/,350,S,okinawa,kodomo-kyuto
沖縄_車内清掃,AG_緊急_子供嘔吐,車 子供 嘔吐 シート 洗浄,Phrase,https://carinteriorcleaning.jp/regions/okinawa/kodomo-kyuto/,350,S,okinawa,kodomo-kyuto
沖縄_車内清掃,AG_緊急_子供嘔吐,車酔い 嘔吐 出張,Phrase,https://carinteriorcleaning.jp/regions/okinawa/kodomo-kyuto/,350,S,okinawa,kodomo-kyuto
沖縄_車内清掃,AG_緊急_子供嘔吐,沖縄 子供 嘔吐 車内,Phrase,https://carinteriorcleaning.jp/regions/okinawa/kodomo-kyuto/,350,S,okinawa,kodomo-kyuto
沖縄_車内清掃,AG_緊急_ペット,車 おしっこ シート 洗浄 出張,Phrase,https://carinteriorcleaning.jp/regions/okinawa/oshikko/,320,S,okinawa,oshikko
沖縄_車内清掃,AG_緊急_ペット,車 おもらし シート 洗浄,Phrase,https://carinteriorcleaning.jp/regions/okinawa/oshikko/,320,S,okinawa,oshikko
沖縄_車内清掃,AG_緊急_ペット,ペット 粗相 車 消臭,Phrase,https://carinteriorcleaning.jp/regions/okinawa/oshikko/,320,S,okinawa,oshikko
沖縄_車内清掃,AG_緊急_ペット,犬 車 お漏らし 消臭 業者,Phrase,https://carinteriorcleaning.jp/regions/okinawa/oshikko/,320,S,okinawa,oshikko
沖縄_車内清掃,AG_緊急_ペット,沖縄 ペット 車内 清掃,Phrase,https://carinteriorcleaning.jp/regions/okinawa/oshikko/,320,S,okinawa,oshikko
沖縄_車内清掃,AG_消臭_口語,車 匂い 消し 業者,Phrase,https://carinteriorcleaning.jp/regions/okinawa/kuruma-nioi-keshi/,280,S,okinawa,kuruma-nioi-keshi
沖縄_車内清掃,AG_消臭_口語,車内 クサイ 消臭,Phrase,https://carinteriorcleaning.jp/regions/okinawa/kuruma-nioi-keshi/,280,S,okinawa,kuruma-nioi-keshi
沖縄_車内清掃,AG_消臭_口語,車 臭い 取れない プロ,Phrase,https://carinteriorcleaning.jp/regions/okinawa/kuruma-nioi-keshi/,280,S,okinawa,kuruma-nioi-keshi
沖縄_車内清掃,AG_消臭_口語,消臭スプレー 効かない 車,Phrase,https://carinteriorcleaning.jp/regions/okinawa/kuruma-nioi-keshi/,280,S,okinawa,kuruma-nioi-keshi
沖縄_車内清掃,AG_消臭_口語,車 芳香剤 臭い 取れない,Phrase,https://carinteriorcleaning.jp/regions/okinawa/kuruma-nioi-keshi/,280,S,okinawa,kuruma-nioi-keshi
沖縄_車内清掃,AG_消臭_口語,沖縄 車内 消臭 出張,Phrase,https://carinteriorcleaning.jp/regions/okinawa/kuruma-nioi-keshi/,280,S,okinawa,kuruma-nioi-keshi
沖縄_車内清掃,AG_消臭_中古車,中古車 タバコ臭 消せない,Phrase,https://carinteriorcleaning.jp/regions/okinawa/chuko-tabako/,300,A,okinawa,chuko-tabako
沖縄_車内清掃,AG_消臭_中古車,中古車 加齢臭 車内,Phrase,https://carinteriorcleaning.jp/regions/okinawa/chuko-tabako/,300,A,okinawa,chuko-tabako
沖縄_車内清掃,AG_消臭_中古車,車 タバコ臭 取れない 業者 出張,Phrase,https://carinteriorcleaning.jp/regions/okinawa/chuko-tabako/,300,A,okinawa,chuko-tabako
沖縄_車内清掃,AG_消臭_中古車,沖縄 中古車 臭い 車内,Phrase,https://carinteriorcleaning.jp/regions/okinawa/chuko-tabako/,300,A,okinawa,chuko-tabako
沖縄_車内清掃,AG_消臭_湿気カビ,車内 カビ臭 取り方 業者,Phrase,https://carinteriorcleaning.jp/regions/okinawa/shanai-nioi/,300,A,okinawa,shanai-nioi
沖縄_車内清掃,AG_消臭_湿気カビ,車 湿気 臭い シート 洗浄,Phrase,https://carinteriorcleaning.jp/regions/okinawa/shanai-nioi/,300,A,okinawa,shanai-nioi
沖縄_車内清掃,AG_消臭_湿気カビ,車 原因不明 臭い 消臭 業者,Phrase,https://carinteriorcleaning.jp/regions/okinawa/shanai-nioi/,300,A,okinawa,shanai-nioi
沖縄_車内清掃,AG_消臭_湿気カビ,車 ペット臭 消臭 プロ 出張,Phrase,https://carinteriorcleaning.jp/regions/okinawa/shanai-nioi/,300,A,okinawa,shanai-nioi
沖縄_車内清掃,AG_消臭_湿気カビ,沖縄 車内 カビ臭,Phrase,https://carinteriorcleaning.jp/regions/okinawa/shanai-nioi/,300,A,okinawa,shanai-nioi
沖縄_車内清掃,AG_消臭_湿気カビ,沖縄 湿気 車内 臭い,Phrase,https://carinteriorcleaning.jp/regions/okinawa/shanai-nioi/,300,A,okinawa,shanai-nioi
沖縄_車内清掃,AG_エアコン_エバポレーター,エバポレーター洗浄 出張,Phrase,https://carinteriorcleaning.jp/regions/okinawa/evaporator-senjo/,400,A,okinawa,evaporator-senjo
沖縄_車内清掃,AG_エアコン_エバポレーター,車 エアコン 酸っぱい 臭い 業者,Phrase,https://carinteriorcleaning.jp/regions/okinawa/evaporator-senjo/,400,A,okinawa,evaporator-senjo
沖縄_車内清掃,AG_エアコン_エバポレーター,カーエアコン カビ臭 エバポレーター,Phrase,https://carinteriorcleaning.jp/regions/okinawa/evaporator-senjo/,400,A,okinawa,evaporator-senjo
沖縄_車内清掃,AG_エアコン_エバポレーター,車 エアコン 臭い 取れない プロ,Phrase,https://carinteriorcleaning.jp/regions/okinawa/evaporator-senjo/,400,A,okinawa,evaporator-senjo
沖縄_車内清掃,AG_エアコン_エバポレーター,車 エアコン 咳 目が痒い 洗浄,Phrase,https://carinteriorcleaning.jp/regions/okinawa/evaporator-senjo/,400,A,okinawa,evaporator-senjo
沖縄_車内清掃,AG_エアコン_エバポレーター,車内クリーニング エバポレーター セット,Phrase,https://carinteriorcleaning.jp/regions/okinawa/evaporator-senjo/,400,A,okinawa,evaporator-senjo
沖縄_車内清掃,AG_エアコン_エバポレーター,沖縄 エアコン 臭い 車,Phrase,https://carinteriorcleaning.jp/regions/okinawa/evaporator-senjo/,400,A,okinawa,evaporator-senjo
沖縄_車内清掃,AG_エアコン_エバポレーター,沖縄 エバポレーター洗浄 出張,Phrase,https://carinteriorcleaning.jp/regions/okinawa/evaporator-senjo/,400,A,okinawa,evaporator-senjo
沖縄_車内清掃,AG_条件_出張,車内クリーニング 即日 出張 当日,Phrase,https://carinteriorcleaning.jp/regions/okinawa/shutchou-senmon/,280,S,okinawa,shutchou-senmon
沖縄_車内清掃,AG_条件_出張,車内清掃 1席 出張,Phrase,https://carinteriorcleaning.jp/regions/okinawa/shutchou-senmon/,280,S,okinawa,shutchou-senmon
沖縄_車内清掃,AG_条件_出張,出張 車内クリーニング おすすめ 業者,Phrase,https://carinteriorcleaning.jp/regions/okinawa/shutchou-senmon/,280,S,okinawa,shutchou-senmon
沖縄_車内清掃,AG_条件_出張,車内清掃 出張 料金 いくら,Phrase,https://carinteriorcleaning.jp/regions/okinawa/shutchou-senmon/,280,S,okinawa,shutchou-senmon
沖縄_車内清掃,AG_条件_出張,沖縄 出張 車内清掃 即日,Phrase,https://carinteriorcleaning.jp/regions/okinawa/shutchou-senmon/,280,S,okinawa,shutchou-senmon
沖縄_車内清掃,AG_条件_出張,沖縄 車内クリーニング 出張,Phrase,https://carinteriorcleaning.jp/regions/okinawa/shutchou-senmon/,280,S,okinawa,shutchou-senmon
沖縄_車内清掃,AG_保険_B2B,車内 嘔吐 保険 適用,Phrase,https://carinteriorcleaning.jp/regions/okinawa/hoken-kyuto/,250,B,okinawa,hoken-kyuto
沖縄_車内清掃,AG_保険_B2B,レンタカー 車内 嘔吐 清掃,Phrase,https://carinteriorcleaning.jp/regions/okinawa/hoken-kyuto/,250,B,okinawa,hoken-kyuto
沖縄_車内清掃,AG_保険_B2B,沖縄 車内 嘔吐 保険,Phrase,https://carinteriorcleaning.jp/regions/okinawa/hoken-kyuto/,250,B,okinawa,hoken-kyuto
沖縄_車内清掃,AG_消臭_湿気カビ,那覇 車内クリーニング 出張,Phrase,https://carinteriorcleaning.jp/regions/okinawa/shanai-nioi/,300,A,okinawa,shanai-nioi
沖縄_車内清掃,AG_消臭_湿気カビ,沖縄本島 車内 清掃,Phrase,https://carinteriorcleaning.jp/regions/okinawa/shanai-nioi/,300,A,okinawa,shanai-nioi
沖縄_車内清掃,AG_消臭_湿気カビ,沖縄 レンタカー 嘔吐 清掃,Phrase,https://carinteriorcleaning.jp/regions/okinawa/shanai-nioi/,300,A,okinawa,shanai-nioi
沖縄_車内清掃,AG_バス_トラック,沖縄 バス 車内 清掃,Phrase,https://carinteriorcleaning.jp/regions/okinawa/bus-senmon/,200,B,okinawa,bus-senmon