severity,campaign,ad_group,path2,actual_theme,actual_slug,final_url,headline2,line
HIGH,大阪府＿車内クリーニング,車内の臭い,嘔吐ニオイ清掃,車内臭い,shanai-nioi,https://carinteriorcleaning.jp/regions/osaka/shanai-nioi/,大阪府の車内の臭いクリーニング,4
HIGH,大阪府＿車内クリーニング,車　 汗,嘔吐ニオイ清掃,汗,ase,https://carinteriorcleaning.jp/regions/osaka/ase/,大阪府の車 汗クリーニング,5
HIGH,大阪府＿車内クリーニング,中古車タバコ臭,嘔吐ニオイ清掃,中古車タバコ,chuko-tabako,https://carinteriorcleaning.jp/regions/osaka/chuko-tabako/,中古車タバコ臭クリーニング,6
HIGH,大阪府＿車内クリーニング,中古車加齢臭,嘔吐ニオイ清掃,中古車加齢臭,chuko-kareisyu,https://carinteriorcleaning.jp/regions/osaka/chuko-kareisyu/,中古車加齢臭クリーニング,7
HIGH,大阪府＿車内クリーニング,車ペット毛,嘔吐ニオイ清掃,ペット毛,pet-ke,https://carinteriorcleaning.jp/regions/osaka/pet-ke/,大阪府の車ペット毛クリーニング,8
HIGH,大阪府＿車内クリーニング,車 匂い 消し・消臭洗浄,嘔吐ニオイ清掃,匂い消し,kuruma-nioi-keshi,https://carinteriorcleaning.jp/regions/osaka/kuruma-nioi-keshi/,車 匂い 消し・消臭洗浄,11
HIGH,大阪府＿車内クリーニング,車　 おもらし,嘔吐ニオイ清掃,おもらし,omorashi,https://carinteriorcleaning.jp/regions/osaka/omorashi/,大阪の車 おもらしくリーニング,12
HIGH,大阪府＿車内クリーニング,車　 エアコン臭い,嘔吐ニオイ清掃,エアコン臭い,ac-nioi,https://carinteriorcleaning.jp/regions/osaka/ac-nioi/,車 エアコン臭いクリーニング,13
HIGH,大阪府＿車内クリーニング,車　加齢臭,嘔吐ニオイ清掃,加齢臭,kareisyu,https://carinteriorcleaning.jp/regions/osaka/kareisyu/,大阪府の車 加齢臭クリーニング,14
HIGH,大阪府＿車内クリーニング,車　 ペット臭,嘔吐ニオイ清掃,ペット臭,pet-nioi,https://carinteriorcleaning.jp/regions/osaka/pet-nioi/,大阪の車 ペット臭クリーニング,15
HIGH,大阪府＿車内クリーニング,車シート 洗浄,嘔吐ニオイ清掃,シート洗浄,seat-senjo,https://carinteriorcleaning.jp/regions/osaka/seat-senjo/,大阪車シート 洗浄クリーニング,18
HIGH,大阪府＿車内クリーニング,車シート クリーニング,嘔吐ニオイ清掃,シートクリーニング,seat-cleaning,https://carinteriorcleaning.jp/regions/osaka/seat-cleaning/,大阪車シート クリーニング,19
HIGH,大阪府＿車内クリーニング,車　 おしっこ,嘔吐ニオイ清掃,おしっこ,oshikko,https://carinteriorcleaning.jp/regions/osaka/oshikko/,大阪の車 おしっこクリーニング,20
HIGH,大阪府＿車内クリーニング,車　 うんこ,嘔吐ニオイ清掃,うんこ,unko,https://carinteriorcleaning.jp/regions/osaka/unko/,大阪府の車 うんこクリーニング,21
HIGH,大阪府＿車内クリーニング,車の匂い取り,嘔吐ニオイ清掃,匂い取り,kuruma-nioitori,https://carinteriorcleaning.jp/regions/osaka/kuruma-nioitori/,大阪の車の匂い取りクリーニング,22
HIGH,大阪府＿車内クリーニング,車　 タバコの匂い汚れ・タバコのヤニ,嘔吐ニオイ清掃,タバコヤニ,tabako-yani,https://carinteriorcleaning.jp/regions/osaka/tabako-yani/,車 タバコ匂い汚れクリーニング,23
HIGH,大阪府＿車内クリーニング,車内 灯油 こぼし,嘔吐ニオイ清掃,ペット毛,pet-ke,https://carinteriorcleaning.jp/regions/osaka/pet-ke/,車内 灯油 こぼしクリーニング,24
HIGH,沖縄県＿車内クリーニング,車　 タバコの匂い汚れ・タバコのヤニ,嘔吐ニオイ清掃,タバコヤニ,tabako-yani,https://carinteriorcleaning.jp/regions/okinawa/tabako-yani/,車 タバコ匂い汚れクリーニング,28
HIGH,沖縄県＿車内クリーニング,車内の臭い,嘔吐ニオイ清掃,車内臭い,shanai-nioi,https://carinteriorcleaning.jp/regions/okinawa/shanai-nioi/,沖縄県の車内の臭いクリーニング,29
HIGH,沖縄県＿車内クリーニング,車　 エアコン臭い,嘔吐ニオイ清掃,エアコン臭い,ac-nioi,https://carinteriorcleaning.jp/regions/okinawa/ac-nioi/,車 エアコン臭いクリーニング,30
HIGH,沖縄県＿車内クリーニング,車　 ペット臭,嘔吐ニオイ清掃,ペット臭,pet-nioi,https://carinteriorcleaning.jp/regions/okinawa/pet-nioi/,沖縄の車 ペット臭クリーニング,31
HIGH,沖縄県＿車内クリーニング,車ペット毛,嘔吐ニオイ清掃,ペット毛,pet-ke,https://carinteriorcleaning.jp/regions/okinawa/pet-ke/,沖縄県の車ペット毛クリーニング,34
HIGH,沖縄県＿車内クリーニング,車　 汗,嘔吐ニオイ清掃,汗,ase,https://carinteriorcleaning.jp/regions/okinawa/ase/,沖縄県の車 汗クリーニング,36
HIGH,沖縄県＿車内クリーニング,車シート 洗浄,嘔吐ニオイ清掃,シート洗浄,seat-senjo,https://carinteriorcleaning.jp/regions/okinawa/seat-senjo/,沖縄車シート 洗浄クリーニング,39
HIGH,沖縄県＿車内クリーニング,中古車加齢臭,嘔吐ニオイ清掃,中古車加齢臭,chuko-kareisyu,https://carinteriorcleaning.jp/regions/okinawa/chuko-kareisyu/,中古車加齢臭クリーニング,40
HIGH,沖縄県＿車内クリーニング,車シート クリーニング,嘔吐ニオイ清掃,シートクリーニング,seat-cleaning,https://carinteriorcleaning.jp/regions/okinawa/seat-cleaning/,沖縄の車シート クリーニング,41
HIGH,沖縄県＿車内クリーニング,車　 おもらし,嘔吐ニオイ清掃,おもらし,omorashi,https://carinteriorcleaning.jp/regions/okinawa/omorashi/,沖縄の車 おもらしくリーニング,42
HIGH,沖縄県＿車内クリーニング,車　 うんこ,嘔吐ニオイ清掃,うんこ,unko,https://carinteriorcleaning.jp/regions/okinawa/unko/,沖縄県の車 うんこクリーニング,43
HIGH,沖縄県＿車内クリーニング,車　 おしっこ,嘔吐ニオイ清掃,おしっこ,oshikko,https://carinteriorcleaning.jp/regions/okinawa/oshikko/,沖縄の車 おしっこクリーニング,44
HIGH,沖縄県＿車内クリーニング,車　加齢臭,嘔吐ニオイ清掃,加齢臭,kareisyu,https://carinteriorcleaning.jp/regions/okinawa/kareisyu/,沖縄県の車 加齢臭クリーニング,45
HIGH,沖縄県＿車内クリーニング,中古車タバコ臭,嘔吐ニオイ清掃,中古車タバコ,chuko-tabako,https://carinteriorcleaning.jp/regions/okinawa/chuko-tabako/,中古車タバコ臭クリーニング,46
HIGH,沖縄県＿車内クリーニング,車 匂い 消し・消臭洗浄,嘔吐ニオイ清掃,匂い消し,kuruma-nioi-keshi,https://carinteriorcleaning.jp/regions/okinawa/kuruma-nioi-keshi/,車 匂い 消し・消臭洗浄,49
HIGH,大阪府＿車内クリーニング,AG_緊急_嘔吐,ペットうんち,嘔吐,vomit-cleaning,https://carinteriorcleaning.jp/regions/osaka/vomit-cleaning/,車 ゲロ 消臭 即日,51
HIGH,大阪府＿車内クリーニング,AG_緊急_灯油,嘔吐ニオイ清掃,灯油,touyu-kobosi,https://carinteriorcleaning.jp/regions/osaka/touyu-kobosi/,車 灯油 こぼし 出張,55
HIGH,大阪府＿車内クリーニング,AG_緊急_ペット,嘔吐ニオイ清掃,おしっこ,oshikko,https://carinteriorcleaning.jp/regions/osaka/oshikko/,車 おしっこ シート 洗浄 出張,58
HIGH,大阪府＿車内クリーニング,AG_消臭_口語,嘔吐ニオイ清掃,匂い消し,kuruma-nioi-keshi,https://carinteriorcleaning.jp/regions/osaka/kuruma-nioi-keshi/,車 匂い 消し 業者,61
HIGH,大阪府＿車内クリーニング,AG_消臭_口語,ペットうんち,匂い消し,kuruma-nioi-keshi,https://carinteriorcleaning.jp/regions/osaka/kuruma-nioi-keshi/,車内 クサイ 消臭,62
HIGH,大阪府＿車内クリーニング,AG_消臭_中古車,ペットうんち,中古車タバコ,chuko-tabako,https://carinteriorcleaning.jp/regions/osaka/chuko-tabako/,中古車 加齢臭 車内,65
HIGH,大阪府＿車内クリーニング,AG_消臭_湿気カビ,嘔吐ニオイ清掃,車内臭い,shanai-nioi,https://carinteriorcleaning.jp/regions/osaka/shanai-nioi/,車内 カビ臭 取り方 業者,67
HIGH,大阪府＿車内クリーニング,AG_エアコン_エバポレーター,嘔吐ニオイ清掃,エバポ,evaporator-senjo,https://carinteriorcleaning.jp/regions/osaka/evaporator-senjo/,エバポレーター洗浄 出張,70
HIGH,大阪府＿車内クリーニング,AG_条件_出張,嘔吐ニオイ清掃,出張専門,shutchou-senmon,https://carinteriorcleaning.jp/regions/osaka/shutchou-senmon/,車内クリーニング 即日 出張,73
HIGH,大阪府＿車内クリーニング,AG_条件_電源不要,嘔吐ニオイ清掃,電源不要,dengen-fuyou,https://carinteriorcleaning.jp/regions/osaka/dengen-fuyou/,車内清掃 電源不要 出張,75
HIGH,沖縄県＿車内クリーニング,AG_緊急_ペット,嘔吐ニオイ清掃,おしっこ,oshikko,https://carinteriorcleaning.jp/regions/okinawa/oshikko/,車 おしっこ シート 洗浄 出張,87
HIGH,沖縄県＿車内クリーニング,AG_消臭_口語,嘔吐ニオイ清掃,匂い消し,kuruma-nioi-keshi,https://carinteriorcleaning.jp/regions/okinawa/kuruma-nioi-keshi/,車 匂い 消し 業者,90
HIGH,沖縄県＿車内クリーニング,AG_消臭_中古車,嘔吐ニオイ清掃,中古車タバコ,chuko-tabako,https://carinteriorcleaning.jp/regions/okinawa/chuko-tabako/,中古車 タバコ臭 消せない,93
HIGH,沖縄県＿車内クリーニング,AG_消臭_湿気カビ,嘔吐ニオイ清掃,車内臭い,shanai-nioi,https://carinteriorcleaning.jp/regions/okinawa/shanai-nioi/,車 湿気 臭い シート 洗浄,95
HIGH,沖縄県＿車内クリーニング,AG_エアコン_エバポレーター,嘔吐ニオイ清掃,エバポ,evaporator-senjo,https://carinteriorcleaning.jp/regions/okinawa/evaporator-senjo/,エバポレーター洗浄 出張,98
HIGH,沖縄県＿車内クリーニング,AG_条件_出張,嘔吐ニオイ清掃,出張専門,shutchou-senmon,https://carinteriorcleaning.jp/regions/okinawa/shutchou-senmon/,車内クリーニング 即日 出張,101
HIGH,大阪府＿車内クリーニング,緊急_子供嘔吐,ペットうんち,子供嘔吐,kodomo-kyuto,https://carinteriorcleaning.jp/regions/osaka/kodomo-kyuto/,車酔い 嘔吐 出張専門業者,111
HIGH,大阪府＿車内クリーニング,緊急_灯油,嘔吐ニオイ清掃,灯油,touyu-kobosi,https://carinteriorcleaning.jp/regions/osaka/touyu-kobosi/,車内 灯油 こぼし 消臭,113
HIGH,大阪府＿車内クリーニング,緊急_灯油,ペットうんち,灯油,touyu-kobosi,https://carinteriorcleaning.jp/regions/osaka/touyu-kobosi/,大阪 灯油 こぼし 車,114
HIGH,大阪府＿車内クリーニング,緊急_ペット,嘔吐ニオイ清掃,おしっこ,oshikko,https://carinteriorcleaning.jp/regions/osaka/oshikko/,大阪 ペット 車内 清掃,116
HIGH,大阪府＿車内クリーニング,消臭_口語,嘔吐ニオイ清掃,匂い消し,kuruma-nioi-keshi,https://carinteriorcleaning.jp/regions/osaka/kuruma-nioi-keshi/,消臭スプレー 効かない 車,117
HIGH,大阪府＿車内クリーニング,消臭_中古車,嘔吐ニオイ清掃,中古車タバコ,chuko-tabako,https://carinteriorcleaning.jp/regions/osaka/chuko-tabako/,大阪 中古車 臭い 車内,120
HIGH,大阪府＿車内クリーニング,消臭_湿気カビ,嘔吐ニオイ清掃,車内臭い,shanai-nioi,https://carinteriorcleaning.jp/regions/osaka/shanai-nioi/,車 ペット臭 消臭 プロ 出張,121
HIGH,大阪府＿車内クリーニング,消臭_湿気カビ,ペットうんち,車内臭い,shanai-nioi,https://carinteriorcleaning.jp/regions/osaka/shanai-nioi/,大阪 車内 カビ臭,122
HIGH,大阪府＿車内クリーニング,エアコン_エバポレーター,嘔吐ニオイ清掃,エバポ,evaporator-senjo,https://carinteriorcleaning.jp/regions/osaka/evaporator-senjo/,車 エアコン 臭い 取れない プロ,124
HIGH,大阪府＿車内クリーニング,エアコン_エバポレーター,ペットうんち,エバポ,evaporator-senjo,https://carinteriorcleaning.jp/regions/osaka/evaporator-senjo/,車 エアコン 咳 目が痒い 洗浄,125
HIGH,大阪府＿車内クリーニング,AG_エアコン_エバポ,嘔吐ニオイ清掃,エバポ,evaporator-senjo,https://carinteriorcleaning.jp/regions/osaka/evaporator-senjo/,大阪 エアコン 臭い 車,127
HIGH,大阪府＿車内クリーニング,条件_出張,嘔吐ニオイ清掃,出張専門,shutchou-senmon,https://carinteriorcleaning.jp/regions/osaka/shutchou-senmon/,出張 車内クリーニング おすすめ,129
HIGH,沖縄県＿車内クリーニング,緊急_ペット,嘔吐ニオイ清掃,おしっこ,oshikko,https://carinteriorcleaning.jp/regions/okinawa/oshikko/,犬 車 お漏らし 消臭 業者,136
HIGH,沖縄県＿車内クリーニング,消臭_口語,嘔吐ニオイ清掃,匂い消し,kuruma-nioi-keshi,https://carinteriorcleaning.jp/regions/okinawa/kuruma-nioi-keshi/,消臭スプレー 効かない 車,138
HIGH,沖縄県＿車内クリーニング,消臭_中古車,嘔吐ニオイ清掃,中古車タバコ,chuko-tabako,https://carinteriorcleaning.jp/regions/okinawa/chuko-tabako/,車 タバコ臭 取れない 業者 出張,141
HIGH,沖縄県＿車内クリーニング,消臭_湿気カビ,嘔吐ニオイ清掃,車内臭い,shanai-nioi,https://carinteriorcleaning.jp/regions/okinawa/shanai-nioi/,車 ペット臭 消臭 プロ 出張,143
HIGH,沖縄県＿車内クリーニング,エアコン_エバポレーター,嘔吐ニオイ清掃,エバポ,evaporator-senjo,https://carinteriorcleaning.jp/regions/okinawa/evaporator-senjo/,車 エアコン 臭い 取れない プロ,146
HIGH,沖縄県＿車内クリーニング,AG_エアコン_エバポ,嘔吐ニオイ清掃,エバポ,evaporator-senjo,https://carinteriorcleaning.jp/regions/okinawa/evaporator-senjo/,沖縄 エアコン 臭い 車,149
HIGH,沖縄県＿車内クリーニング,条件_出張,嘔吐ニオイ清掃,出張専門,shutchou-senmon,https://carinteriorcleaning.jp/regions/okinawa/shutchou-senmon/,車内清掃 出張 料金 いくら,151
HIGH,宮城県＿車内クリーニング,車内の臭い,嘔吐ニオイ清掃,車内臭い,shanai-nioi,https://carinteriorcleaning.jp/regions/miyagi/shanai-nioi/,宮城府の車内の臭いクリーニング,163
HIGH,宮城県＿車内クリーニング,車　 汗,嘔吐ニオイ清掃,汗,ase,https://carinteriorcleaning.jp/regions/miyagi/ase/,宮城府の車 汗クリーニング,164
HIGH,宮城県＿車内クリーニング,中古車タバコ臭,嘔吐ニオイ清掃,中古車タバコ,chuko-tabako,https://carinteriorcleaning.jp/regions/miyagi/chuko-tabako/,中古車タバコ臭クリーニング,165
HIGH,宮城県＿車内クリーニング,中古車加齢臭,嘔吐ニオイ清掃,中古車加齢臭,chuko-kareisyu,https://carinteriorcleaning.jp/regions/miyagi/chuko-kareisyu/,中古車加齢臭クリーニング,166
HIGH,宮城県＿車内クリーニング,車ペット毛,嘔吐ニオイ清掃,ペット毛,pet-ke,https://carinteriorcleaning.jp/regions/miyagi/pet-ke/,宮城府の車ペット毛クリーニング,167
HIGH,宮城県＿車内クリーニング,車 匂い 消し・消臭洗浄,嘔吐ニオイ清掃,匂い消し,kuruma-nioi-keshi,https://carinteriorcleaning.jp/regions/miyagi/kuruma-nioi-keshi/,車 匂い 消し・消臭洗浄,170
HIGH,宮城県＿車内クリーニング,車　 おもらし,嘔吐ニオイ清掃,おもらし,omorashi,https://carinteriorcleaning.jp/regions/miyagi/omorashi/,宮城の車 おもらしくリーニング,171
HIGH,宮城県＿車内クリーニング,車　 エアコン臭い,嘔吐ニオイ清掃,エアコン臭い,ac-nioi,https://carinteriorcleaning.jp/regions/miyagi/ac-nioi/,車 エアコン臭いクリーニング,172
HIGH,宮城県＿車内クリーニング,車　加齢臭,嘔吐ニオイ清掃,加齢臭,kareisyu,https://carinteriorcleaning.jp/regions/miyagi/kareisyu/,宮城府の車 加齢臭クリーニング,173
HIGH,宮城県＿車内クリーニング,車　 ペット臭,嘔吐ニオイ清掃,ペット臭,pet-nioi,https://carinteriorcleaning.jp/regions/miyagi/pet-nioi/,宮城の車 ペット臭クリーニング,174
HIGH,宮城県＿車内クリーニング,車シート 洗浄,嘔吐ニオイ清掃,シート洗浄,seat-senjo,https://carinteriorcleaning.jp/regions/miyagi/seat-senjo/,宮城車シート 洗浄クリーニング,177
HIGH,宮城県＿車内クリーニング,車シート クリーニング,嘔吐ニオイ清掃,シートクリーニング,seat-cleaning,https://carinteriorcleaning.jp/regions/miyagi/seat-cleaning/,宮城車シート クリーニング,178
HIGH,宮城県＿車内クリーニング,車　 おしっこ,嘔吐ニオイ清掃,おしっこ,oshikko,https://carinteriorcleaning.jp/regions/miyagi/oshikko/,宮城の車 おしっこクリーニング,179
HIGH,宮城県＿車内クリーニング,車　 うんこ,嘔吐ニオイ清掃,うんこ,unko,https://carinteriorcleaning.jp/regions/miyagi/unko/,宮城府の車 うんこクリーニング,180
HIGH,宮城県＿車内クリーニング,車の匂い取り,嘔吐ニオイ清掃,匂い取り,kuruma-nioitori,https://carinteriorcleaning.jp/regions/miyagi/kuruma-nioitori/,宮城の車の匂い取りクリーニング,181
HIGH,宮城県＿車内クリーニング,車　 タバコの匂い汚れ・タバコのヤニ,嘔吐ニオイ清掃,タバコヤニ,tabako-yani,https://carinteriorcleaning.jp/regions/miyagi/tabako-yani/,車 タバコ匂い汚れクリーニング,182
HIGH,宮城県＿車内クリーニング,車内 灯油 こぼし,嘔吐ニオイ清掃,ペット毛,pet-ke,https://carinteriorcleaning.jp/regions/miyagi/pet-ke/,車内 灯油 こぼしクリーニング,183
HIGH,宮城県＿車内クリーニング,AG_緊急_嘔吐,ペットうんち,嘔吐,kyuto-cleaning,https://carinteriorcleaning.jp/regions/miyagi/kyuto-cleaning/,車 ゲロ 消臭 即日,186
HIGH,宮城県＿車内クリーニング,AG_緊急_嘔吐,嘔吐ニオイ清掃,出張専門,shutchou-senmon,https://carinteriorcleaning.jp/regions/miyagi/shutchou-senmon/,車 嘔吐 消臭 どこに 頼む,187
HIGH,宮城県＿車内クリーニング,AG_緊急_灯油,嘔吐ニオイ清掃,灯油,touyu-kobosi,https://carinteriorcleaning.jp/regions/miyagi/touyu-kobosi/,車 灯油 こぼし 出張,190
HIGH,宮城県＿車内クリーニング,AG_緊急_ペット,嘔吐ニオイ清掃,おしっこ,oshikko,https://carinteriorcleaning.jp/regions/miyagi/oshikko/,車 おしっこ シート 洗浄 出張,193
HIGH,宮城県＿車内クリーニング,AG_消臭_口語,嘔吐ニオイ清掃,匂い消し,kuruma-nioi-keshi,https://carinteriorcleaning.jp/regions/miyagi/kuruma-nioi-keshi/,車 匂い 消し 業者,196
HIGH,宮城県＿車内クリーニング,AG_消臭_口語,ペットうんち,匂い消し,kuruma-nioi-keshi,https://carinteriorcleaning.jp/regions/miyagi/kuruma-nioi-keshi/,車内 クサイ 消臭,197
HIGH,宮城県＿車内クリーニング,AG_消臭_中古車,ペットうんち,中古車タバコ,chuko-tabako,https://carinteriorcleaning.jp/regions/miyagi/chuko-tabako/,中古車 加齢臭 車内,200
HIGH,宮城県＿車内クリーニング,AG_消臭_湿気カビ,嘔吐ニオイ清掃,車内臭い,shanai-nioi,https://carinteriorcleaning.jp/regions/miyagi/shanai-nioi/,車内 カビ臭 取り方 業者,202
HIGH,宮城県＿車内クリーニング,AG_エアコン_エバポレーター,嘔吐ニオイ清掃,エバポ,evaporator-senjo,https://carinteriorcleaning.jp/regions/miyagi/evaporator-senjo/,エバポレーター洗浄 出張,205
HIGH,宮城県＿車内クリーニング,AG_条件_出張,嘔吐ニオイ清掃,出張専門,shutchou-senmon,https://carinteriorcleaning.jp/regions/miyagi/shutchou-senmon/,車内クリーニング 即日 出張,208
HIGH,宮城県＿車内クリーニング,AG_条件_電源不要,嘔吐ニオイ清掃,電源不要,dengen-fuyou,https://carinteriorcleaning.jp/regions/miyagi/dengen-fuyou/,車内清掃 電源不要 出張,210
HIGH,宮城県＿車内クリーニング,緊急_子供嘔吐,ペットうんち,子供嘔吐,kodomo-kyuto,https://carinteriorcleaning.jp/regions/miyagi/kodomo-kyuto/,車酔い 嘔吐 出張専門業者,220
HIGH,宮城県＿車内クリーニング,緊急_灯油,嘔吐ニオイ清掃,灯油,touyu-kobosi,https://carinteriorcleaning.jp/regions/miyagi/touyu-kobosi/,車内 灯油 こぼし 消臭,222
HIGH,宮城県＿車内クリーニング,緊急_灯油,ペットうんち,灯油,touyu-kobosi,https://carinteriorcleaning.jp/regions/miyagi/touyu-kobosi/,宮城 灯油 こぼし 車,223
HIGH,宮城県＿車内クリーニング,緊急_ペット,嘔吐ニオイ清掃,おしっこ,oshikko,https://carinteriorcleaning.jp/regions/miyagi/oshikko/,宮城 ペット 車内 清掃,225
HIGH,宮城県＿車内クリーニング,消臭_口語,嘔吐ニオイ清掃,匂い消し,kuruma-nioi-keshi,https://carinteriorcleaning.jp/regions/miyagi/kuruma-nioi-keshi/,消臭スプレー 効かない 車,226
HIGH,宮城県＿車内クリーニング,消臭_中古車,嘔吐ニオイ清掃,中古車タバコ,chuko-tabako,https://carinteriorcleaning.jp/regions/miyagi/chuko-tabako/,宮城 中古車 臭い 車内,229
HIGH,宮城県＿車内クリーニング,消臭_湿気カビ,嘔吐ニオイ清掃,車内臭い,shanai-nioi,https://carinteriorcleaning.jp/regions/miyagi/shanai-nioi/,車 ペット臭 消臭 プロ 出張,230
HIGH,宮城県＿車内クリーニング,消臭_湿気カビ,ペットうんち,車内臭い,shanai-nioi,https://carinteriorcleaning.jp/regions/miyagi/shanai-nioi/,宮城 車内 カビ臭,231
HIGH,宮城県＿車内クリーニング,エアコン_エバポレーター,嘔吐ニオイ清掃,エバポ,evaporator-senjo,https://carinteriorcleaning.jp/regions/miyagi/evaporator-senjo/,車 エアコン 臭い 取れない プロ,233
HIGH,宮城県＿車内クリーニング,エアコン_エバポレーター,ペットうんち,エバポ,evaporator-senjo,https://carinteriorcleaning.jp/regions/miyagi/evaporator-senjo/,車 エアコン 咳 目が痒い 洗浄,234
HIGH,宮城県＿車内クリーニング,AG_エアコン_エバポ,嘔吐ニオイ清掃,エバポ,evaporator-senjo,https://carinteriorcleaning.jp/regions/miyagi/evaporator-senjo/,宮城 エアコン 臭い 車,236
HIGH,宮城県＿車内クリーニング,条件_出張,嘔吐ニオイ清掃,出張専門,shutchou-senmon,https://carinteriorcleaning.jp/regions/miyagi/shutchou-senmon/,出張 車内クリーニング おすすめ,238
HIGH,愛知県＿車内クリーニング,int愛知_通常清掃,嘔吐ニオイ清掃,出張専門,shutchou-senmon,https://carinteriorcleaning.jp/regions/aichi/shutchou-senmon/,【92%満足】出張車内清掃,241
HIGH,愛知県＿車内クリーニング,車内の臭い,嘔吐ニオイ清掃,車内臭い,shanai-nioi,https://carinteriorcleaning.jp/regions/aichi/shanai-nioi/,愛知府の車内の臭いクリーニング,243
HIGH,愛知県＿車内クリーニング,車　 汗,嘔吐ニオイ清掃,汗,ase,https://carinteriorcleaning.jp/regions/aichi/ase/,愛知府の車 汗クリーニング,244
HIGH,愛知県＿車内クリーニング,中古車タバコ臭,嘔吐ニオイ清掃,中古車タバコ,chuko-tabako,https://carinteriorcleaning.jp/regions/aichi/chuko-tabako/,中古車タバコ臭クリーニング,245
HIGH,愛知県＿車内クリーニング,中古車加齢臭,嘔吐ニオイ清掃,中古車加齢臭,chuko-kareisyu,https://carinteriorcleaning.jp/regions/aichi/chuko-kareisyu/,中古車加齢臭クリーニング,246
HIGH,愛知県＿車内クリーニング,車ペット毛,嘔吐ニオイ清掃,ペット毛,pet-ke,https://carinteriorcleaning.jp/regions/aichi/pet-ke/,愛知府の車ペット毛クリーニング,247
HIGH,愛知県＿車内クリーニング,車 匂い 消し・消臭洗浄,嘔吐ニオイ清掃,匂い消し,kuruma-nioi-keshi,https://carinteriorcleaning.jp/regions/aichi/kuruma-nioi-keshi/,車 匂い 消し・消臭洗浄,250
HIGH,愛知県＿車内クリーニング,車　 おもらし,嘔吐ニオイ清掃,おもらし,omorashi,https://carinteriorcleaning.jp/regions/aichi/omorashi/,愛知の車 おもらしくリーニング,251
HIGH,愛知県＿車内クリーニング,車　 エアコン臭い,嘔吐ニオイ清掃,エアコン臭い,ac-nioi,https://carinteriorcleaning.jp/regions/aichi/ac-nioi/,車 エアコン臭いクリーニング,252
HIGH,愛知県＿車内クリーニング,車　加齢臭,嘔吐ニオイ清掃,加齢臭,kareisyu,https://carinteriorcleaning.jp/regions/aichi/kareisyu/,愛知府の車 加齢臭クリーニング,253
HIGH,愛知県＿車内クリーニング,車　 ペット臭,嘔吐ニオイ清掃,ペット臭,pet-nioi,https://carinteriorcleaning.jp/regions/aichi/pet-nioi/,愛知の車 ペット臭クリーニング,254
HIGH,愛知県＿車内クリーニング,車シート 洗浄,嘔吐ニオイ清掃,シート洗浄,seat-senjo,https://carinteriorcleaning.jp/regions/aichi/seat-senjo/,愛知車シート 洗浄クリーニング,257
HIGH,愛知県＿車内クリーニング,車シート クリーニング,嘔吐ニオイ清掃,シートクリーニング,seat-cleaning,https://carinteriorcleaning.jp/regions/aichi/seat-cleaning/,愛知車シート クリーニング,258
HIGH,愛知県＿車内クリーニング,車　 おしっこ,嘔吐ニオイ清掃,おしっこ,oshikko,https://carinteriorcleaning.jp/regions/aichi/oshikko/,愛知の車 おしっこクリーニング,259
HIGH,愛知県＿車内クリーニング,車　 うんこ,嘔吐ニオイ清掃,うんこ,unko,https://carinteriorcleaning.jp/regions/aichi/unko/,愛知府の車 うんこクリーニング,260
HIGH,愛知県＿車内クリーニング,車の匂い取り,嘔吐ニオイ清掃,匂い取り,kuruma-nioitori,https://carinteriorcleaning.jp/regions/aichi/kuruma-nioitori/,愛知の車の匂い取りクリーニング,261
HIGH,愛知県＿車内クリーニング,車　 タバコの匂い汚れ・タバコのヤニ,嘔吐ニオイ清掃,タバコヤニ,tabako-yani,https://carinteriorcleaning.jp/regions/aichi/tabako-yani/,車 タバコ匂い汚れクリーニング,262
HIGH,愛知県＿車内クリーニング,車内 灯油 こぼし,嘔吐ニオイ清掃,ペット毛,pet-ke,https://carinteriorcleaning.jp/regions/aichi/pet-ke/,車内 灯油 こぼしクリーニング,263
HIGH,愛知県＿車内クリーニング,AG_緊急_嘔吐,ペットうんち,嘔吐,vomit-cleaning,https://carinteriorcleaning.jp/regions/aichi/vomit-cleaning/,車 ゲロ 消臭 即日,266
HIGH,愛知県＿車内クリーニング,AG_緊急_灯油,嘔吐ニオイ清掃,灯油,touyu-kobosi,https://carinteriorcleaning.jp/regions/aichi/touyu-kobosi/,車 灯油 こぼし 出張,270
HIGH,愛知県＿車内クリーニング,AG_緊急_ペット,嘔吐ニオイ清掃,おしっこ,oshikko,https://carinteriorcleaning.jp/regions/aichi/oshikko/,車 おしっこ シート 洗浄 出張,273
HIGH,愛知県＿車内クリーニング,AG_消臭_口語,嘔吐ニオイ清掃,匂い消し,kuruma-nioi-keshi,https://carinteriorcleaning.jp/regions/aichi/kuruma-nioi-keshi/,車 匂い 消し 業者,276
HIGH,愛知県＿車内クリーニング,AG_消臭_口語,ペットうんち,匂い消し,kuruma-nioi-keshi,https://carinteriorcleaning.jp/regions/aichi/kuruma-nioi-keshi/,車内 クサイ 消臭,277
HIGH,愛知県＿車内クリーニング,AG_消臭_中古車,ペットうんち,中古車タバコ,chuko-tabako,https://carinteriorcleaning.jp/regions/aichi/chuko-tabako/,中古車 加齢臭 車内,280
HIGH,愛知県＿車内クリーニング,AG_消臭_湿気カビ,嘔吐ニオイ清掃,車内臭い,shanai-nioi,https://carinteriorcleaning.jp/regions/aichi/shanai-nioi/,車内 カビ臭 取り方 業者,282
HIGH,愛知県＿車内クリーニング,AG_エアコン_エバポレーター,嘔吐ニオイ清掃,エバポ,evaporator-senjo,https://carinteriorcleaning.jp/regions/aichi/evaporator-senjo/,エバポレーター洗浄 出張,285
HIGH,愛知県＿車内クリーニング,AG_条件_出張,嘔吐ニオイ清掃,出張専門,shutchou-senmon,https://carinteriorcleaning.jp/regions/aichi/shutchou-senmon/,車内クリーニング 即日 出張,288
HIGH,愛知県＿車内クリーニング,AG_条件_電源不要,嘔吐ニオイ清掃,電源不要,dengen-fuyou,https://carinteriorcleaning.jp/regions/aichi/dengen-fuyou/,車内清掃 電源不要 出張,290
HIGH,愛知県＿車内クリーニング,緊急_子供嘔吐,ペットうんち,子供嘔吐,kodomo-kyuto,https://carinteriorcleaning.jp/regions/aichi/kodomo-kyuto/,車酔い 嘔吐 出張専門業者,300
HIGH,愛知県＿車内クリーニング,緊急_灯油,嘔吐ニオイ清掃,灯油,touyu-kobosi,https://carinteriorcleaning.jp/regions/aichi/touyu-kobosi/,車内 灯油 こぼし 消臭,302
HIGH,愛知県＿車内クリーニング,緊急_灯油,ペットうんち,灯油,touyu-kobosi,https://carinteriorcleaning.jp/regions/aichi/touyu-kobosi/,愛知 灯油 こぼし 車,303
HIGH,愛知県＿車内クリーニング,緊急_ペット,嘔吐ニオイ清掃,おしっこ,oshikko,https://carinteriorcleaning.jp/regions/aichi/oshikko/,愛知 ペット 車内 清掃,305
HIGH,愛知県＿車内クリーニング,消臭_口語,嘔吐ニオイ清掃,匂い消し,kuruma-nioi-keshi,https://carinteriorcleaning.jp/regions/aichi/kuruma-nioi-keshi/,消臭スプレー 効かない 車,306
HIGH,愛知県＿車内クリーニング,消臭_中古車,嘔吐ニオイ清掃,中古車タバコ,chuko-tabako,https://carinteriorcleaning.jp/regions/aichi/chuko-tabako/,愛知 中古車 臭い 車内,309
HIGH,愛知県＿車内クリーニング,消臭_湿気カビ,嘔吐ニオイ清掃,車内臭い,shanai-nioi,https://carinteriorcleaning.jp/regions/aichi/shanai-nioi/,車 ペット臭 消臭 プロ 出張,310
HIGH,愛知県＿車内クリーニング,消臭_湿気カビ,ペットうんち,車内臭い,shanai-nioi,https://carinteriorcleaning.jp/regions/aichi/shanai-nioi/,愛知 車内 カビ臭,311
HIGH,愛知県＿車内クリーニング,エアコン_エバポレーター,嘔吐ニオイ清掃,エバポ,evaporator-senjo,https://carinteriorcleaning.jp/regions/aichi/evaporator-senjo/,車 エアコン 臭い 取れない プロ,313
HIGH,愛知県＿車内クリーニング,エアコン_エバポレーター,ペットうんち,エバポ,evaporator-senjo,https://carinteriorcleaning.jp/regions/aichi/evaporator-senjo/,車 エアコン 咳 目が痒い 洗浄,314
HIGH,愛知県＿車内クリーニング,AG_エアコン_エバポ,嘔吐ニオイ清掃,エバポ,evaporator-senjo,https://carinteriorcleaning.jp/regions/aichi/evaporator-senjo/,愛知 エアコン 臭い 車,316
HIGH,愛知県＿車内クリーニング,条件_出張,嘔吐ニオイ清掃,出張専門,shutchou-senmon,https://carinteriorcleaning.jp/regions/aichi/shutchou-senmon/,出張 車内クリーニング おすすめ,318
HIGH,千葉県＿車内クリーニング,車内の臭い,嘔吐ニオイ清掃,車内臭い,shanai-nioi,https://carinteriorcleaning.jp/regions/chiba/shanai-nioi/,千葉府の車内の臭いクリーニング,323
HIGH,千葉県＿車内クリーニング,車　 汗,嘔吐ニオイ清掃,汗,ase,https://carinteriorcleaning.jp/regions/chiba/ase/,千葉府の車 汗クリーニング,324
HIGH,千葉県＿車内クリーニング,中古車タバコ臭,嘔吐ニオイ清掃,中古車タバコ,chuko-tabako,https://carinteriorcleaning.jp/regions/chiba/chuko-tabako/,中古車タバコ臭クリーニング,325
HIGH,千葉県＿車内クリーニング,中古車加齢臭,嘔吐ニオイ清掃,中古車加齢臭,chuko-kareisyu,https://carinteriorcleaning.jp/regions/chiba/chuko-kareisyu/,中古車加齢臭クリーニング,326
HIGH,千葉県＿車内クリーニング,車ペット毛,嘔吐ニオイ清掃,ペット毛,pet-ke,https://carinteriorcleaning.jp/regions/chiba/pet-ke/,千葉府の車ペット毛クリーニング,327
HIGH,千葉県＿車内クリーニング,車 匂い 消し・消臭洗浄,嘔吐ニオイ清掃,匂い消し,kuruma-nioi-keshi,https://carinteriorcleaning.jp/regions/chiba/kuruma-nioi-keshi/,車 匂い 消し・消臭洗浄,330
HIGH,千葉県＿車内クリーニング,車　 おもらし,嘔吐ニオイ清掃,おもらし,omorashi,https://carinteriorcleaning.jp/regions/chiba/omorashi/,千葉の車 おもらしくリーニング,331
HIGH,千葉県＿車内クリーニング,車　 エアコン臭い,嘔吐ニオイ清掃,エアコン臭い,ac-nioi,https://carinteriorcleaning.jp/regions/chiba/ac-nioi/,車 エアコン臭いクリーニング,332
HIGH,千葉県＿車内クリーニング,車　加齢臭,嘔吐ニオイ清掃,加齢臭,kareisyu,https://carinteriorcleaning.jp/regions/chiba/kareisyu/,千葉府の車 加齢臭クリーニング,333
HIGH,千葉県＿車内クリーニング,車　 ペット臭,嘔吐ニオイ清掃,ペット臭,pet-nioi,https://carinteriorcleaning.jp/regions/chiba/pet-nioi/,千葉の車 ペット臭クリーニング,334
HIGH,千葉県＿車内クリーニング,車シート 洗浄,嘔吐ニオイ清掃,シート洗浄,seat-senjo,https://carinteriorcleaning.jp/regions/chiba/seat-senjo/,千葉車シート 洗浄クリーニング,337
HIGH,千葉県＿車内クリーニング,車シート クリーニング,嘔吐ニオイ清掃,シートクリーニング,seat-cleaning,https://carinteriorcleaning.jp/regions/chiba/seat-cleaning/,千葉車シート クリーニング,338
HIGH,千葉県＿車内クリーニング,車　 おしっこ,嘔吐ニオイ清掃,おしっこ,oshikko,https://carinteriorcleaning.jp/regions/chiba/oshikko/,千葉の車 おしっこクリーニング,339
HIGH,千葉県＿車内クリーニング,車　 うんこ,嘔吐ニオイ清掃,うんこ,unko,https://carinteriorcleaning.jp/regions/chiba/unko/,千葉府の車 うんこクリーニング,340
HIGH,千葉県＿車内クリーニング,車の匂い取り,嘔吐ニオイ清掃,匂い取り,kuruma-nioitori,https://carinteriorcleaning.jp/regions/chiba/kuruma-nioitori/,千葉の車の匂い取りクリーニング,341
HIGH,千葉県＿車内クリーニング,車　 タバコの匂い汚れ・タバコのヤニ,嘔吐ニオイ清掃,タバコヤニ,tabako-yani,https://carinteriorcleaning.jp/regions/chiba/tabako-yani/,車 タバコ匂い汚れクリーニング,342
HIGH,千葉県＿車内クリーニング,車内 灯油 こぼし,嘔吐ニオイ清掃,ペット毛,pet-ke,https://carinteriorcleaning.jp/regions/chiba/pet-ke/,車内 灯油 こぼしクリーニング,343
HIGH,千葉県＿車内クリーニング,AG_緊急_嘔吐,ペットうんち,嘔吐,vomit-cleaning,https://carinteriorcleaning.jp/regions/chiba/vomit-cleaning/,車 ゲロ 消臭 即日,346
HIGH,千葉県＿車内クリーニング,AG_緊急_灯油,嘔吐ニオイ清掃,灯油,touyu-kobosi,https://carinteriorcleaning.jp/regions/chiba/touyu-kobosi/,車 灯油 こぼし 出張,350
HIGH,千葉県＿車内クリーニング,AG_緊急_ペット,嘔吐ニオイ清掃,おしっこ,oshikko,https://carinteriorcleaning.jp/regions/chiba/oshikko/,車 おしっこ シート 洗浄 出張,353
HIGH,千葉県＿車内クリーニング,AG_消臭_口語,嘔吐ニオイ清掃,匂い消し,kuruma-nioi-keshi,https://carinteriorcleaning.jp/regions/chiba/kuruma-nioi-keshi/,車 匂い 消し 業者,356
HIGH,千葉県＿車内クリーニング,AG_消臭_口語,ペットうんち,匂い消し,kuruma-nioi-keshi,https://carinteriorcleaning.jp/regions/chiba/kuruma-nioi-keshi/,車内 クサイ 消臭,357
HIGH,千葉県＿車内クリーニング,AG_消臭_中古車,ペットうんち,中古車タバコ,chuko-tabako,https://carinteriorcleaning.jp/regions/chiba/chuko-tabako/,中古車 加齢臭 車内,360
HIGH,千葉県＿車内クリーニング,AG_消臭_湿気カビ,嘔吐ニオイ清掃,車内臭い,shanai-nioi,https://carinteriorcleaning.jp/regions/chiba/shanai-nioi/,車内 カビ臭 取り方 業者,362
HIGH,千葉県＿車内クリーニング,AG_エアコン_エバポレーター,嘔吐ニオイ清掃,エバポ,evaporator-senjo,https://carinteriorcleaning.jp/regions/chiba/evaporator-senjo/,エバポレーター洗浄 出張,365
HIGH,千葉県＿車内クリーニング,AG_条件_出張,嘔吐ニオイ清掃,出張専門,shutchou-senmon,https://carinteriorcleaning.jp/regions/chiba/shutchou-senmon/,車内クリーニング 即日 出張,368
HIGH,千葉県＿車内クリーニング,AG_条件_電源不要,嘔吐ニオイ清掃,電源不要,dengen-fuyou,https://carinteriorcleaning.jp/regions/chiba/dengen-fuyou/,車内清掃 電源不要 出張,370
HIGH,千葉県＿車内クリーニング,緊急_子供嘔吐,ペットうんち,子供嘔吐,kodomo-kyuto,https://carinteriorcleaning.jp/regions/chiba/kodomo-kyuto/,車酔い 嘔吐 出張専門業者,380
HIGH,千葉県＿車内クリーニング,緊急_灯油,嘔吐ニオイ清掃,灯油,touyu-kobosi,https://carinteriorcleaning.jp/regions/chiba/touyu-kobosi/,車内 灯油 こぼし 消臭,382
HIGH,千葉県＿車内クリーニング,緊急_灯油,ペットうんち,灯油,touyu-kobosi,https://carinteriorcleaning.jp/regions/chiba/touyu-kobosi/,千葉 灯油 こぼし 車,383
HIGH,千葉県＿車内クリーニング,緊急_ペット,嘔吐ニオイ清掃,おしっこ,oshikko,https://carinteriorcleaning.jp/regions/chiba/oshikko/,千葉 ペット 車内 清掃,385
HIGH,千葉県＿車内クリーニング,消臭_口語,嘔吐ニオイ清掃,匂い消し,kuruma-nioi-keshi,https://carinteriorcleaning.jp/regions/chiba/kuruma-nioi-keshi/,消臭スプレー 効かない 車,386
HIGH,千葉県＿車内クリーニング,消臭_中古車,嘔吐ニオイ清掃,中古車タバコ,chuko-tabako,https://carinteriorcleaning.jp/regions/chiba/chuko-tabako/,千葉 中古車 臭い 車内,389
HIGH,千葉県＿車内クリーニング,消臭_湿気カビ,嘔吐ニオイ清掃,車内臭い,shanai-nioi,https://carinteriorcleaning.jp/regions/chiba/shanai-nioi/,車 ペット臭 消臭 プロ 出張,390
HIGH,千葉県＿車内クリーニング,消臭_湿気カビ,ペットうんち,車内臭い,shanai-nioi,https://carinteriorcleaning.jp/regions/chiba/shanai-nioi/,千葉 車内 カビ臭,391
HIGH,千葉県＿車内クリーニング,エアコン_エバポレーター,嘔吐ニオイ清掃,エバポ,evaporator-senjo,https://carinteriorcleaning.jp/regions/chiba/evaporator-senjo/,車 エアコン 臭い 取れない プロ,393
HIGH,千葉県＿車内クリーニング,エアコン_エバポレーター,ペットうんち,エバポ,evaporator-senjo,https://carinteriorcleaning.jp/regions/chiba/evaporator-senjo/,車 エアコン 咳 目が痒い 洗浄,394
HIGH,千葉県＿車内クリーニング,AG_エアコン_エバポ,嘔吐ニオイ清掃,エバポ,evaporator-senjo,https://carinteriorcleaning.jp/regions/chiba/evaporator-senjo/,千葉 エアコン 臭い 車,396
HIGH,千葉県＿車内クリーニング,条件_出張,嘔吐ニオイ清掃,出張専門,shutchou-senmon,https://carinteriorcleaning.jp/regions/chiba/shutchou-senmon/,出張 車内クリーニング おすすめ,398
HIGH,兵庫県＿車内クリーニング,車内の臭い,嘔吐ニオイ清掃,車内臭い,shanai-nioi,https://carinteriorcleaning.jp/regions/hyogo/shanai-nioi/,兵庫府の車内の臭いクリーニング,403
HIGH,兵庫県＿車内クリーニング,車　 汗,嘔吐ニオイ清掃,汗,ase,https://carinteriorcleaning.jp/regions/hyogo/ase/,兵庫府の車 汗クリーニング,404
HIGH,兵庫県＿車内クリーニング,中古車タバコ臭,嘔吐ニオイ清掃,中古車タバコ,chuko-tabako,https://carinteriorcleaning.jp/regions/hyogo/chuko-tabako/,中古車タバコ臭クリーニング,405
HIGH,兵庫県＿車内クリーニング,中古車加齢臭,嘔吐ニオイ清掃,中古車加齢臭,chuko-kareisyu,https://carinteriorcleaning.jp/regions/hyogo/chuko-kareisyu/,中古車加齢臭クリーニング,406
HIGH,兵庫県＿車内クリーニング,車ペット毛,嘔吐ニオイ清掃,ペット毛,pet-ke,https://carinteriorcleaning.jp/regions/hyogo/pet-ke/,兵庫府の車ペット毛クリーニング,407
HIGH,兵庫県＿車内クリーニング,車 匂い 消し・消臭洗浄,嘔吐ニオイ清掃,匂い消し,kuruma-nioi-keshi,https://carinteriorcleaning.jp/regions/hyogo/kuruma-nioi-keshi/,車 匂い 消し・消臭洗浄,410
HIGH,兵庫県＿車内クリーニング,車　 おもらし,嘔吐ニオイ清掃,おもらし,omorashi,https://carinteriorcleaning.jp/regions/hyogo/omorashi/,兵庫の車 おもらしくリーニング,411
HIGH,兵庫県＿車内クリーニング,車　 エアコン臭い,嘔吐ニオイ清掃,エアコン臭い,ac-nioi,https://carinteriorcleaning.jp/regions/hyogo/ac-nioi/,車 エアコン臭いクリーニング,412
HIGH,兵庫県＿車内クリーニング,車　加齢臭,嘔吐ニオイ清掃,加齢臭,kareisyu,https://carinteriorcleaning.jp/regions/hyogo/kareisyu/,兵庫府の車 加齢臭クリーニング,413
HIGH,兵庫県＿車内クリーニング,車　 ペット臭,嘔吐ニオイ清掃,ペット臭,pet-nioi,https://carinteriorcleaning.jp/regions/hyogo/pet-nioi/,兵庫の車 ペット臭クリーニング,414
HIGH,兵庫県＿車内クリーニング,車シート 洗浄,嘔吐ニオイ清掃,シート洗浄,seat-senjo,https://carinteriorcleaning.jp/regions/hyogo/seat-senjo/,兵庫車シート 洗浄クリーニング,417
HIGH,兵庫県＿車内クリーニング,車シート クリーニング,嘔吐ニオイ清掃,シートクリーニング,seat-cleaning,https://carinteriorcleaning.jp/regions/hyogo/seat-cleaning/,兵庫車シート クリーニング,418
HIGH,兵庫県＿車内クリーニング,車　 おしっこ,嘔吐ニオイ清掃,おしっこ,oshikko,https://carinteriorcleaning.jp/regions/hyogo/oshikko/,兵庫の車 おしっこクリーニング,419
HIGH,兵庫県＿車内クリーニング,車　 うんこ,嘔吐ニオイ清掃,うんこ,unko,https://carinteriorcleaning.jp/regions/hyogo/unko/,兵庫府の車 うんこクリーニング,420
HIGH,兵庫県＿車内クリーニング,車の匂い取り,嘔吐ニオイ清掃,匂い取り,kuruma-nioitori,https://carinteriorcleaning.jp/regions/hyogo/kuruma-nioitori/,兵庫の車の匂い取りクリーニング,421
HIGH,兵庫県＿車内クリーニング,車　 タバコの匂い汚れ・タバコのヤニ,嘔吐ニオイ清掃,タバコヤニ,tabako-yani,https://carinteriorcleaning.jp/regions/hyogo/tabako-yani/,車 タバコ匂い汚れクリーニング,422
HIGH,兵庫県＿車内クリーニング,車内 灯油 こぼし,嘔吐ニオイ清掃,ペット毛,pet-ke,https://carinteriorcleaning.jp/regions/hyogo/pet-ke/,車内 灯油 こぼしクリーニング,423
HIGH,兵庫県＿車内クリーニング,AG_緊急_嘔吐,ペットうんち,嘔吐,vomit-cleaning,https://carinteriorcleaning.jp/regions/hyogo/vomit-cleaning/,車 ゲロ 消臭 即日,426
HIGH,兵庫県＿車内クリーニング,AG_緊急_灯油,嘔吐ニオイ清掃,灯油,touyu-kobosi,https://carinteriorcleaning.jp/regions/hyogo/touyu-kobosi/,車 灯油 こぼし 出張,430
HIGH,兵庫県＿車内クリーニング,AG_緊急_ペット,嘔吐ニオイ清掃,おしっこ,oshikko,https://carinteriorcleaning.jp/regions/hyogo/oshikko/,車 おしっこ シート 洗浄 出張,433
HIGH,兵庫県＿車内クリーニング,AG_消臭_口語,嘔吐ニオイ清掃,匂い消し,kuruma-nioi-keshi,https://carinteriorcleaning.jp/regions/hyogo/kuruma-nioi-keshi/,車 匂い 消し 業者,436
HIGH,兵庫県＿車内クリーニング,AG_消臭_口語,ペットうんち,匂い消し,kuruma-nioi-keshi,https://carinteriorcleaning.jp/regions/hyogo/kuruma-nioi-keshi/,車内 クサイ 消臭,437
HIGH,兵庫県＿車内クリーニング,AG_消臭_中古車,ペットうんち,中古車タバコ,chuko-tabako,https://carinteriorcleaning.jp/regions/hyogo/chuko-tabako/,中古車 加齢臭 車内,440
HIGH,兵庫県＿車内クリーニング,AG_消臭_湿気カビ,嘔吐ニオイ清掃,車内臭い,shanai-nioi,https://carinteriorcleaning.jp/regions/hyogo/shanai-nioi/,車内 カビ臭 取り方 業者,442
HIGH,兵庫県＿車内クリーニング,AG_エアコン_エバポレーター,嘔吐ニオイ清掃,エバポ,evaporator-senjo,https://carinteriorcleaning.jp/regions/hyogo/evaporator-senjo/,エバポレーター洗浄 出張,445
HIGH,兵庫県＿車内クリーニング,AG_条件_出張,嘔吐ニオイ清掃,出張専門,shutchou-senmon,https://carinteriorcleaning.jp/regions/hyogo/shutchou-senmon/,車内クリーニング 即日 出張,448
HIGH,兵庫県＿車内クリーニング,AG_条件_電源不要,嘔吐ニオイ清掃,電源不要,dengen-fuyou,https://carinteriorcleaning.jp/regions/hyogo/dengen-fuyou/,車内清掃 電源不要 出張,450
HIGH,兵庫県＿車内クリーニング,緊急_子供嘔吐,ペットうんち,子供嘔吐,kodomo-kyuto,https://carinteriorcleaning.jp/regions/hyogo/kodomo-kyuto/,車酔い 嘔吐 出張専門業者,460
HIGH,兵庫県＿車内クリーニング,緊急_灯油,嘔吐ニオイ清掃,灯油,touyu-kobosi,https://carinteriorcleaning.jp/regions/hyogo/touyu-kobosi/,車内 灯油 こぼし 消臭,462
HIGH,兵庫県＿車内クリーニング,緊急_灯油,ペットうんち,灯油,touyu-kobosi,https://carinteriorcleaning.jp/regions/hyogo/touyu-kobosi/,兵庫 灯油 こぼし 車,463
HIGH,兵庫県＿車内クリーニング,緊急_ペット,嘔吐ニオイ清掃,おしっこ,oshikko,https://carinteriorcleaning.jp/regions/hyogo/oshikko/,兵庫 ペット 車内 清掃,465
HIGH,兵庫県＿車内クリーニング,消臭_口語,嘔吐ニオイ清掃,匂い消し,kuruma-nioi-keshi,https://carinteriorcleaning.jp/regions/hyogo/kuruma-nioi-keshi/,消臭スプレー 効かない 車,466
HIGH,兵庫県＿車内クリーニング,消臭_中古車,嘔吐ニオイ清掃,中古車タバコ,chuko-tabako,https://carinteriorcleaning.jp/regions/hyogo/chuko-tabako/,兵庫 中古車 臭い 車内,469
HIGH,兵庫県＿車内クリーニング,消臭_湿気カビ,嘔吐ニオイ清掃,車内臭い,shanai-nioi,https://carinteriorcleaning.jp/regions/hyogo/shanai-nioi/,車 ペット臭 消臭 プロ 出張,470
HIGH,兵庫県＿車内クリーニング,消臭_湿気カビ,ペットうんち,車内臭い,shanai-nioi,https://carinteriorcleaning.jp/regions/hyogo/shanai-nioi/,兵庫 車内 カビ臭,471
HIGH,兵庫県＿車内クリーニング,エアコン_エバポレーター,嘔吐ニオイ清掃,エバポ,evaporator-senjo,https://carinteriorcleaning.jp/regions/hyogo/evaporator-senjo/,車 エアコン 臭い 取れない プロ,473
HIGH,兵庫県＿車内クリーニング,エアコン_エバポレーター,ペットうんち,エバポ,evaporator-senjo,https://carinteriorcleaning.jp/regions/hyogo/evaporator-senjo/,車 エアコン 咳 目が痒い 洗浄,474
HIGH,兵庫県＿車内クリーニング,AG_エアコン_エバポ,嘔吐ニオイ清掃,エバポ,evaporator-senjo,https://carinteriorcleaning.jp/regions/hyogo/evaporator-senjo/,兵庫 エアコン 臭い 車,476
HIGH,兵庫県＿車内クリーニング,条件_出張,嘔吐ニオイ清掃,出張専門,shutchou-senmon,https://carinteriorcleaning.jp/regions/hyogo/shutchou-senmon/,出張 車内クリーニング おすすめ,478
HIGH,福岡県＿車内クリーニング,車内の臭い,嘔吐ニオイ清掃,車内臭い,shanai-nioi,https://carinteriorcleaning.jp/regions/fukuoka/shanai-nioi/,福岡府の車内の臭いクリーニング,483
HIGH,福岡県＿車内クリーニング,車　 汗,嘔吐ニオイ清掃,汗,ase,https://carinteriorcleaning.jp/regions/fukuoka/ase/,福岡府の車 汗クリーニング,484
HIGH,福岡県＿車内クリーニング,中古車タバコ臭,嘔吐ニオイ清掃,中古車タバコ,chuko-tabako,https://carinteriorcleaning.jp/regions/fukuoka/chuko-tabako/,中古車タバコ臭クリーニング,485
HIGH,福岡県＿車内クリーニング,中古車加齢臭,嘔吐ニオイ清掃,中古車加齢臭,chuko-kareisyu,https://carinteriorcleaning.jp/regions/fukuoka/chuko-kareisyu/,中古車加齢臭クリーニング,486
HIGH,福岡県＿車内クリーニング,車ペット毛,嘔吐ニオイ清掃,ペット毛,pet-ke,https://carinteriorcleaning.jp/regions/fukuoka/pet-ke/,福岡府の車ペット毛クリーニング,487
HIGH,福岡県＿車内クリーニング,車 匂い 消し・消臭洗浄,嘔吐ニオイ清掃,匂い消し,kuruma-nioi-keshi,https://carinteriorcleaning.jp/regions/fukuoka/kuruma-nioi-keshi/,車 匂い 消し・消臭洗浄,490
HIGH,福岡県＿車内クリーニング,車　 おもらし,嘔吐ニオイ清掃,おもらし,omorashi,https://carinteriorcleaning.jp/regions/fukuoka/omorashi/,福岡の車 おもらしくリーニング,491
HIGH,福岡県＿車内クリーニング,車　 エアコン臭い,嘔吐ニオイ清掃,エアコン臭い,ac-nioi,https://carinteriorcleaning.jp/regions/fukuoka/ac-nioi/,車 エアコン臭いクリーニング,492
HIGH,福岡県＿車内クリーニング,車　加齢臭,嘔吐ニオイ清掃,加齢臭,kareisyu,https://carinteriorcleaning.jp/regions/fukuoka/kareisyu/,福岡府の車 加齢臭クリーニング,493
HIGH,福岡県＿車内クリーニング,車　 ペット臭,嘔吐ニオイ清掃,ペット臭,pet-nioi,https://carinteriorcleaning.jp/regions/fukuoka/pet-nioi/,福岡の車 ペット臭クリーニング,494
HIGH,福岡県＿車内クリーニング,車シート 洗浄,嘔吐ニオイ清掃,シート洗浄,seat-senjo,https://carinteriorcleaning.jp/regions/fukuoka/seat-senjo/,福岡車シート 洗浄クリーニング,497
HIGH,福岡県＿車内クリーニング,車シート クリーニング,嘔吐ニオイ清掃,シートクリーニング,seat-cleaning,https://carinteriorcleaning.jp/regions/fukuoka/seat-cleaning/,福岡車シート クリーニング,498
HIGH,福岡県＿車内クリーニング,車　 おしっこ,嘔吐ニオイ清掃,おしっこ,oshikko,https://carinteriorcleaning.jp/regions/fukuoka/oshikko/,福岡の車 おしっこクリーニング,499
HIGH,福岡県＿車内クリーニング,車　 うんこ,嘔吐ニオイ清掃,うんこ,unko,https://carinteriorcleaning.jp/regions/fukuoka/unko/,福岡府の車 うんこクリーニング,500
HIGH,福岡県＿車内クリーニング,車の匂い取り,嘔吐ニオイ清掃,匂い取り,kuruma-nioitori,https://carinteriorcleaning.jp/regions/fukuoka/kuruma-nioitori/,福岡の車の匂い取りクリーニング,501
HIGH,福岡県＿車内クリーニング,車　 タバコの匂い汚れ・タバコのヤニ,嘔吐ニオイ清掃,タバコヤニ,tabako-yani,https://carinteriorcleaning.jp/regions/fukuoka/tabako-yani/,車 タバコ匂い汚れクリーニング,502
HIGH,福岡県＿車内クリーニング,車内 灯油 こぼし,嘔吐ニオイ清掃,ペット毛,pet-ke,https://carinteriorcleaning.jp/regions/fukuoka/pet-ke/,車内 灯油 こぼしクリーニング,503
HIGH,福岡県＿車内クリーニング,AG_緊急_嘔吐,ペットうんち,嘔吐,vomit-cleaning,https://carinteriorcleaning.jp/regions/fukuoka/vomit-cleaning/,車 ゲロ 消臭 即日,506
HIGH,福岡県＿車内クリーニング,AG_緊急_灯油,嘔吐ニオイ清掃,灯油,touyu-kobosi,https://carinteriorcleaning.jp/regions/fukuoka/touyu-kobosi/,車 灯油 こぼし 出張,510
HIGH,福岡県＿車内クリーニング,AG_緊急_ペット,嘔吐ニオイ清掃,おしっこ,oshikko,https://carinteriorcleaning.jp/regions/fukuoka/oshikko/,車 おしっこ シート 洗浄 出張,513
HIGH,福岡県＿車内クリーニング,AG_消臭_口語,嘔吐ニオイ清掃,匂い消し,kuruma-nioi-keshi,https://carinteriorcleaning.jp/regions/fukuoka/kuruma-nioi-keshi/,車 匂い 消し 業者,516
HIGH,福岡県＿車内クリーニング,AG_消臭_口語,ペットうんち,匂い消し,kuruma-nioi-keshi,https://carinteriorcleaning.jp/regions/fukuoka/kuruma-nioi-keshi/,車内 クサイ 消臭,517
HIGH,福岡県＿車内クリーニング,AG_消臭_中古車,ペットうんち,中古車タバコ,chuko-tabako,https://carinteriorcleaning.jp/regions/fukuoka/chuko-tabako/,中古車 加齢臭 車内,520
HIGH,福岡県＿車内クリーニング,AG_消臭_湿気カビ,嘔吐ニオイ清掃,車内臭い,shanai-nioi,https://carinteriorcleaning.jp/regions/fukuoka/shanai-nioi/,車内 カビ臭 取り方 業者,522
HIGH,福岡県＿車内クリーニング,AG_エアコン_エバポレーター,嘔吐ニオイ清掃,エバポ,evaporator-senjo,https://carinteriorcleaning.jp/regions/fukuoka/evaporator-senjo/,エバポレーター洗浄 出張,525
HIGH,福岡県＿車内クリーニング,AG_条件_出張,嘔吐ニオイ清掃,出張専門,shutchou-senmon,https://carinteriorcleaning.jp/regions/fukuoka/shutchou-senmon/,車内クリーニング 即日 出張,528
HIGH,福岡県＿車内クリーニング,AG_条件_電源不要,嘔吐ニオイ清掃,電源不要,dengen-fuyou,https://carinteriorcleaning.jp/regions/fukuoka/dengen-fuyou/,車内清掃 電源不要 出張,530
HIGH,福岡県＿車内クリーニング,緊急_子供嘔吐,ペットうんち,子供嘔吐,kodomo-kyuto,https://carinteriorcleaning.jp/regions/fukuoka/kodomo-kyuto/,車酔い 嘔吐 出張専門業者,540
HIGH,福岡県＿車内クリーニング,緊急_灯油,嘔吐ニオイ清掃,灯油,touyu-kobosi,https://carinteriorcleaning.jp/regions/fukuoka/touyu-kobosi/,車内 灯油 こぼし 消臭,542
HIGH,福岡県＿車内クリーニング,緊急_灯油,ペットうんち,灯油,touyu-kobosi,https://carinteriorcleaning.jp/regions/fukuoka/touyu-kobosi/,福岡 灯油 こぼし 車,543
HIGH,福岡県＿車内クリーニング,緊急_ペット,嘔吐ニオイ清掃,おしっこ,oshikko,https://carinteriorcleaning.jp/regions/fukuoka/oshikko/,福岡 ペット 車内 清掃,545
HIGH,福岡県＿車内クリーニング,消臭_口語,嘔吐ニオイ清掃,匂い消し,kuruma-nioi-keshi,https://carinteriorcleaning.jp/regions/fukuoka/kuruma-nioi-keshi/,消臭スプレー 効かない 車,546
HIGH,福岡県＿車内クリーニング,消臭_中古車,嘔吐ニオイ清掃,中古車タバコ,chuko-tabako,https://carinteriorcleaning.jp/regions/fukuoka/chuko-tabako/,福岡 中古車 臭い 車内,549
HIGH,福岡県＿車内クリーニング,消臭_湿気カビ,嘔吐ニオイ清掃,車内臭い,shanai-nioi,https://carinteriorcleaning.jp/regions/fukuoka/shanai-nioi/,車 ペット臭 消臭 プロ 出張,550
HIGH,福岡県＿車内クリーニング,消臭_湿気カビ,ペットうんち,車内臭い,shanai-nioi,https://carinteriorcleaning.jp/regions/fukuoka/shanai-nioi/,福岡 車内 カビ臭,551
HIGH,福岡県＿車内クリーニング,エアコン_エバポレーター,嘔吐ニオイ清掃,エバポ,evaporator-senjo,https://carinteriorcleaning.jp/regions/fukuoka/evaporator-senjo/,車 エアコン 臭い 取れない プロ,553
HIGH,福岡県＿車内クリーニング,エアコン_エバポレーター,ペットうんち,エバポ,evaporator-senjo,https://carinteriorcleaning.jp/regions/fukuoka/evaporator-senjo/,車 エアコン 咳 目が痒い 洗浄,554
HIGH,福岡県＿車内クリーニング,AG_エアコン_エバポ,嘔吐ニオイ清掃,エバポ,evaporator-senjo,https://carinteriorcleaning.jp/regions/fukuoka/evaporator-senjo/,福岡 エアコン 臭い 車,556
HIGH,福岡県＿車内クリーニング,条件_出張,嘔吐ニオイ清掃,出張専門,shutchou-senmon,https://carinteriorcleaning.jp/regions/fukuoka/shutchou-senmon/,出張 車内クリーニング おすすめ,558
HIGH,群馬県＿車内クリーニング,int群馬_通常清掃,嘔吐ニオイ清掃,匂い消し,kuruma-nioi-keshi,https://carinteriorcleaning.jp/regions/gunma/kuruma-nioi-keshi/,【92%満足】出張車内清掃,561
HIGH,群馬県＿車内クリーニング,車内の臭い,嘔吐ニオイ清掃,車内臭い,shanai-nioi,https://carinteriorcleaning.jp/regions/gunma/shanai-nioi/,群馬府の車内の臭いクリーニング,563
HIGH,群馬県＿車内クリーニング,車　 汗,嘔吐ニオイ清掃,汗,ase,https://carinteriorcleaning.jp/regions/gunma/ase/,群馬府の車 汗クリーニング,564
HIGH,群馬県＿車内クリーニング,中古車タバコ臭,嘔吐ニオイ清掃,中古車タバコ,chuko-tabako,https://carinteriorcleaning.jp/regions/gunma/chuko-tabako/,中古車タバコ臭クリーニング,565
HIGH,群馬県＿車内クリーニング,中古車加齢臭,嘔吐ニオイ清掃,中古車加齢臭,chuko-kareisyu,https://carinteriorcleaning.jp/regions/gunma/chuko-kareisyu/,中古車加齢臭クリーニング,566
HIGH,群馬県＿車内クリーニング,車ペット毛,嘔吐ニオイ清掃,ペット毛,pet-ke,https://carinteriorcleaning.jp/regions/gunma/pet-ke/,群馬府の車ペット毛クリーニング,567
HIGH,群馬県＿車内クリーニング,車 匂い 消し・消臭洗浄,嘔吐ニオイ清掃,匂い消し,kuruma-nioi-keshi,https://carinteriorcleaning.jp/regions/gunma/kuruma-nioi-keshi/,車 匂い 消し・消臭洗浄,570
HIGH,群馬県＿車内クリーニング,車　 おもらし,嘔吐ニオイ清掃,おもらし,omorashi,https://carinteriorcleaning.jp/regions/gunma/omorashi/,群馬の車 おもらしくリーニング,571
HIGH,群馬県＿車内クリーニング,車　 エアコン臭い,嘔吐ニオイ清掃,エアコン臭い,ac-nioi,https://carinteriorcleaning.jp/regions/gunma/ac-nioi/,車 エアコン臭いクリーニング,572
HIGH,群馬県＿車内クリーニング,車　加齢臭,嘔吐ニオイ清掃,加齢臭,kareisyu,https://carinteriorcleaning.jp/regions/gunma/kareisyu/,群馬府の車 加齢臭クリーニング,573
HIGH,群馬県＿車内クリーニング,車　 ペット臭,嘔吐ニオイ清掃,ペット臭,pet-nioi,https://carinteriorcleaning.jp/regions/gunma/pet-nioi/,群馬の車 ペット臭クリーニング,574
HIGH,群馬県＿車内クリーニング,車シート 洗浄,嘔吐ニオイ清掃,シート洗浄,seat-senjo,https://carinteriorcleaning.jp/regions/gunma/seat-senjo/,群馬車シート 洗浄クリーニング,577
HIGH,群馬県＿車内クリーニング,車シート クリーニング,嘔吐ニオイ清掃,シートクリーニング,seat-cleaning,https://carinteriorcleaning.jp/regions/gunma/seat-cleaning/,群馬車シート クリーニング,578
HIGH,群馬県＿車内クリーニング,車　 おしっこ,嘔吐ニオイ清掃,おしっこ,oshikko,https://carinteriorcleaning.jp/regions/gunma/oshikko/,群馬の車 おしっこクリーニング,579
HIGH,群馬県＿車内クリーニング,車　 うんこ,嘔吐ニオイ清掃,うんこ,unko,https://carinteriorcleaning.jp/regions/gunma/unko/,群馬府の車 うんこクリーニング,580
HIGH,群馬県＿車内クリーニング,車の匂い取り,嘔吐ニオイ清掃,匂い取り,kuruma-nioitori,https://carinteriorcleaning.jp/regions/gunma/kuruma-nioitori/,群馬の車の匂い取りクリーニング,581
HIGH,群馬県＿車内クリーニング,車　 タバコの匂い汚れ・タバコのヤニ,嘔吐ニオイ清掃,タバコヤニ,tabako-yani,https://carinteriorcleaning.jp/regions/gunma/tabako-yani/,車 タバコ匂い汚れクリーニング,582
HIGH,群馬県＿車内クリーニング,車内 灯油 こぼし,嘔吐ニオイ清掃,ペット毛,pet-ke,https://carinteriorcleaning.jp/regions/gunma/pet-ke/,車内 灯油 こぼしクリーニング,583
HIGH,群馬県＿車内クリーニング,AG_緊急_嘔吐,ペットうんち,匂い消し,kuruma-nioi-keshi,https://carinteriorcleaning.jp/regions/gunma/kuruma-nioi-keshi/,車 ゲロ 消臭 即日,586
HIGH,群馬県＿車内クリーニング,AG_緊急_灯油,嘔吐ニオイ清掃,灯油,touyu-kobosi,https://carinteriorcleaning.jp/regions/gunma/touyu-kobosi/,車 灯油 こぼし 出張,590
HIGH,群馬県＿車内クリーニング,AG_緊急_ペット,嘔吐ニオイ清掃,おしっこ,oshikko,https://carinteriorcleaning.jp/regions/gunma/oshikko/,車 おしっこ シート 洗浄 出張,593
HIGH,群馬県＿車内クリーニング,AG_消臭_口語,嘔吐ニオイ清掃,匂い消し,kuruma-nioi-keshi,https://carinteriorcleaning.jp/regions/gunma/kuruma-nioi-keshi/,車 匂い 消し 業者,596
HIGH,群馬県＿車内クリーニング,AG_消臭_口語,ペットうんち,匂い消し,kuruma-nioi-keshi,https://carinteriorcleaning.jp/regions/gunma/kuruma-nioi-keshi/,車内 クサイ 消臭,597
HIGH,群馬県＿車内クリーニング,AG_消臭_中古車,ペットうんち,中古車タバコ,chuko-tabako,https://carinteriorcleaning.jp/regions/gunma/chuko-tabako/,中古車 加齢臭 車内,600
HIGH,群馬県＿車内クリーニング,AG_消臭_湿気カビ,嘔吐ニオイ清掃,車内臭い,shanai-nioi,https://carinteriorcleaning.jp/regions/gunma/shanai-nioi/,車内 カビ臭 取り方 業者,602
HIGH,群馬県＿車内クリーニング,AG_エアコン_エバポレーター,嘔吐ニオイ清掃,エバポ,evaporator-senjo,https://carinteriorcleaning.jp/regions/gunma/evaporator-senjo/,エバポレーター洗浄 出張,605
HIGH,群馬県＿車内クリーニング,AG_条件_出張,嘔吐ニオイ清掃,出張専門,shutchou-senmon,https://carinteriorcleaning.jp/regions/gunma/shutchou-senmon/,車内クリーニング 即日 出張,608
HIGH,群馬県＿車内クリーニング,AG_条件_電源不要,嘔吐ニオイ清掃,電源不要,dengen-fuyou,https://carinteriorcleaning.jp/regions/gunma/dengen-fuyou/,車内清掃 電源不要 出張,610
HIGH,群馬県＿車内クリーニング,緊急_子供嘔吐,ペットうんち,子供嘔吐,kodomo-kyuto,https://carinteriorcleaning.jp/regions/gunma/kodomo-kyuto/,車酔い 嘔吐 出張専門業者,620
HIGH,群馬県＿車内クリーニング,緊急_灯油,嘔吐ニオイ清掃,灯油,touyu-kobosi,https://carinteriorcleaning.jp/regions/gunma/touyu-kobosi/,車内 灯油 こぼし 消臭,622
HIGH,群馬県＿車内クリーニング,緊急_灯油,ペットうんち,灯油,touyu-kobosi,https://carinteriorcleaning.jp/regions/gunma/touyu-kobosi/,群馬 灯油 こぼし 車,623
HIGH,群馬県＿車内クリーニング,緊急_ペット,嘔吐ニオイ清掃,おしっこ,oshikko,https://carinteriorcleaning.jp/regions/gunma/oshikko/,群馬 ペット 車内 清掃,625
HIGH,群馬県＿車内クリーニング,消臭_口語,嘔吐ニオイ清掃,匂い消し,kuruma-nioi-keshi,https://carinteriorcleaning.jp/regions/gunma/kuruma-nioi-keshi/,消臭スプレー 効かない 車,626
HIGH,群馬県＿車内クリーニング,消臭_中古車,嘔吐ニオイ清掃,中古車タバコ,chuko-tabako,https://carinteriorcleaning.jp/regions/gunma/chuko-tabako/,群馬 中古車 臭い 車内,629
HIGH,群馬県＿車内クリーニング,消臭_湿気カビ,嘔吐ニオイ清掃,車内臭い,shanai-nioi,https://carinteriorcleaning.jp/regions/gunma/shanai-nioi/,車 ペット臭 消臭 プロ 出張,630
HIGH,群馬県＿車内クリーニング,消臭_湿気カビ,ペットうんち,車内臭い,shanai-nioi,https://carinteriorcleaning.jp/regions/gunma/shanai-nioi/,群馬 車内 カビ臭,631
HIGH,群馬県＿車内クリーニング,エアコン_エバポレーター,嘔吐ニオイ清掃,エバポ,evaporator-senjo,https://carinteriorcleaning.jp/regions/gunma/evaporator-senjo/,車 エアコン 臭い 取れない プロ,633
HIGH,群馬県＿車内クリーニング,エアコン_エバポレーター,ペットうんち,エバポ,evaporator-senjo,https://carinteriorcleaning.jp/regions/gunma/evaporator-senjo/,車 エアコン 咳 目が痒い 洗浄,634
HIGH,群馬県＿車内クリーニング,AG_エアコン_エバポ,嘔吐ニオイ清掃,エバポ,evaporator-senjo,https://carinteriorcleaning.jp/regions/gunma/evaporator-senjo/,群馬 エアコン 臭い 車,636
HIGH,群馬県＿車内クリーニング,条件_出張,嘔吐ニオイ清掃,出張専門,shutchou-senmon,https://carinteriorcleaning.jp/regions/gunma/shutchou-senmon/,出張 車内クリーニング おすすめ,638
HIGH,栃木県＿車内クリーニング,車内の臭い,嘔吐ニオイ清掃,車内臭い,shanai-nioi,https://carinteriorcleaning.jp/regions/tochigi/shanai-nioi/,栃木府の車内の臭いクリーニング,643
HIGH,栃木県＿車内クリーニング,車　 汗,嘔吐ニオイ清掃,汗,ase,https://carinteriorcleaning.jp/regions/tochigi/ase/,栃木府の車 汗クリーニング,644
HIGH,栃木県＿車内クリーニング,中古車タバコ臭,嘔吐ニオイ清掃,中古車タバコ,chuko-tabako,https://carinteriorcleaning.jp/regions/tochigi/chuko-tabako/,中古車タバコ臭クリーニング,645
HIGH,栃木県＿車内クリーニング,中古車加齢臭,嘔吐ニオイ清掃,中古車加齢臭,chuko-kareisyu,https://carinteriorcleaning.jp/regions/tochigi/chuko-kareisyu/,中古車加齢臭クリーニング,646
HIGH,栃木県＿車内クリーニング,車ペット毛,嘔吐ニオイ清掃,ペット毛,pet-ke,https://carinteriorcleaning.jp/regions/tochigi/pet-ke/,栃木府の車ペット毛クリーニング,647
HIGH,栃木県＿車内クリーニング,車 匂い 消し・消臭洗浄,嘔吐ニオイ清掃,匂い消し,kuruma-nioi-keshi,https://carinteriorcleaning.jp/regions/tochigi/kuruma-nioi-keshi/,車 匂い 消し・消臭洗浄,650
HIGH,栃木県＿車内クリーニング,車　 おもらし,嘔吐ニオイ清掃,おもらし,omorashi,https://carinteriorcleaning.jp/regions/tochigi/omorashi/,栃木の車 おもらしくリーニング,651
HIGH,栃木県＿車内クリーニング,車　 エアコン臭い,嘔吐ニオイ清掃,エアコン臭い,ac-nioi,https://carinteriorcleaning.jp/regions/tochigi/ac-nioi/,車 エアコン臭いクリーニング,652
HIGH,栃木県＿車内クリーニング,車　加齢臭,嘔吐ニオイ清掃,加齢臭,kareisyu,https://carinteriorcleaning.jp/regions/tochigi/kareisyu/,栃木府の車 加齢臭クリーニング,653
HIGH,栃木県＿車内クリーニング,車　 ペット臭,嘔吐ニオイ清掃,ペット臭,pet-nioi,https://carinteriorcleaning.jp/regions/tochigi/pet-nioi/,栃木の車 ペット臭クリーニング,654
HIGH,栃木県＿車内クリーニング,車シート 洗浄,嘔吐ニオイ清掃,シート洗浄,seat-senjo,https://carinteriorcleaning.jp/regions/tochigi/seat-senjo/,栃木車シート 洗浄クリーニング,657
HIGH,栃木県＿車内クリーニング,車シート クリーニング,嘔吐ニオイ清掃,シートクリーニング,seat-cleaning,https://carinteriorcleaning.jp/regions/tochigi/seat-cleaning/,栃木車シート クリーニング,658
HIGH,栃木県＿車内クリーニング,車　 おしっこ,嘔吐ニオイ清掃,おしっこ,oshikko,https://carinteriorcleaning.jp/regions/tochigi/oshikko/,栃木の車 おしっこクリーニング,659
HIGH,栃木県＿車内クリーニング,車　 うんこ,嘔吐ニオイ清掃,うんこ,unko,https://carinteriorcleaning.jp/regions/tochigi/unko/,栃木府の車 うんこクリーニング,660
HIGH,栃木県＿車内クリーニング,車の匂い取り,嘔吐ニオイ清掃,匂い取り,kuruma-nioitori,https://carinteriorcleaning.jp/regions/tochigi/kuruma-nioitori/,栃木の車の匂い取りクリーニング,661
HIGH,栃木県＿車内クリーニング,車　 タバコの匂い汚れ・タバコのヤニ,嘔吐ニオイ清掃,タバコヤニ,tabako-yani,https://carinteriorcleaning.jp/regions/tochigi/tabako-yani/,車 タバコ匂い汚れクリーニング,662
HIGH,栃木県＿車内クリーニング,車内 灯油 こぼし,嘔吐ニオイ清掃,ペット毛,pet-ke,https://carinteriorcleaning.jp/regions/tochigi/pet-ke/,車内 灯油 こぼしクリーニング,663
HIGH,栃木県＿車内クリーニング,AG_緊急_嘔吐,ペットうんち,嘔吐,kyuto-cleaning,https://carinteriorcleaning.jp/regions/tochigi/kyuto-cleaning/,車 ゲロ 消臭 即日,666
HIGH,栃木県＿車内クリーニング,AG_緊急_灯油,嘔吐ニオイ清掃,灯油,touyu-kobosi,https://carinteriorcleaning.jp/regions/tochigi/touyu-kobosi/,車 灯油 こぼし 出張,670
HIGH,栃木県＿車内クリーニング,AG_緊急_ペット,嘔吐ニオイ清掃,おしっこ,oshikko,https://carinteriorcleaning.jp/regions/tochigi/oshikko/,車 おしっこ シート 洗浄 出張,673
HIGH,栃木県＿車内クリーニング,AG_消臭_口語,嘔吐ニオイ清掃,匂い消し,kuruma-nioi-keshi,https://carinteriorcleaning.jp/regions/tochigi/kuruma-nioi-keshi/,車 匂い 消し 業者,676
HIGH,栃木県＿車内クリーニング,AG_消臭_口語,ペットうんち,匂い消し,kuruma-nioi-keshi,https://carinteriorcleaning.jp/regions/tochigi/kuruma-nioi-keshi/,車内 クサイ 消臭,677
HIGH,栃木県＿車内クリーニング,AG_消臭_中古車,ペットうんち,中古車タバコ,chuko-tabako,https://carinteriorcleaning.jp/regions/tochigi/chuko-tabako/,中古車 加齢臭 車内,680
HIGH,栃木県＿車内クリーニング,AG_消臭_湿気カビ,嘔吐ニオイ清掃,車内臭い,shanai-nioi,https://carinteriorcleaning.jp/regions/tochigi/shanai-nioi/,車内 カビ臭 取り方 業者,682
HIGH,栃木県＿車内クリーニング,AG_エアコン_エバポレーター,嘔吐ニオイ清掃,エバポ,evaporator-senjo,https://carinteriorcleaning.jp/regions/tochigi/evaporator-senjo/,エバポレーター洗浄 出張,685
HIGH,栃木県＿車内クリーニング,AG_条件_出張,嘔吐ニオイ清掃,出張専門,shutchou-senmon,https://carinteriorcleaning.jp/regions/tochigi/shutchou-senmon/,車内クリーニング 即日 出張,688
HIGH,栃木県＿車内クリーニング,AG_条件_電源不要,嘔吐ニオイ清掃,電源不要,dengen-fuyou,https://carinteriorcleaning.jp/regions/tochigi/dengen-fuyou/,車内清掃 電源不要 出張,690
HIGH,栃木県＿車内クリーニング,緊急_子供嘔吐,ペットうんち,子供嘔吐,kodomo-kyuto,https://carinteriorcleaning.jp/regions/tochigi/kodomo-kyuto/,車酔い 嘔吐 出張専門業者,700
HIGH,栃木県＿車内クリーニング,緊急_灯油,嘔吐ニオイ清掃,灯油,touyu-kobosi,https://carinteriorcleaning.jp/regions/tochigi/touyu-kobosi/,車内 灯油 こぼし 消臭,702
HIGH,栃木県＿車内クリーニング,緊急_灯油,ペットうんち,灯油,touyu-kobosi,https://carinteriorcleaning.jp/regions/tochigi/touyu-kobosi/,栃木 灯油 こぼし 車,703
HIGH,栃木県＿車内クリーニング,緊急_ペット,嘔吐ニオイ清掃,おしっこ,oshikko,https://carinteriorcleaning.jp/regions/tochigi/oshikko/,栃木 ペット 車内 清掃,705
HIGH,栃木県＿車内クリーニング,消臭_口語,嘔吐ニオイ清掃,匂い消し,kuruma-nioi-keshi,https://carinteriorcleaning.jp/regions/tochigi/kuruma-nioi-keshi/,消臭スプレー 効かない 車,706
HIGH,栃木県＿車内クリーニング,消臭_中古車,嘔吐ニオイ清掃,中古車タバコ,chuko-tabako,https://carinteriorcleaning.jp/regions/tochigi/chuko-tabako/,栃木 中古車 臭い 車内,709
HIGH,栃木県＿車内クリーニング,消臭_湿気カビ,嘔吐ニオイ清掃,車内臭い,shanai-nioi,https://carinteriorcleaning.jp/regions/tochigi/shanai-nioi/,車 ペット臭 消臭 プロ 出張,710
HIGH,栃木県＿車内クリーニング,消臭_湿気カビ,ペットうんち,車内臭い,shanai-nioi,https://carinteriorcleaning.jp/regions/tochigi/shanai-nioi/,栃木 車内 カビ臭,711
HIGH,栃木県＿車内クリーニング,エアコン_エバポレーター,嘔吐ニオイ清掃,エバポ,evaporator-senjo,https://carinteriorcleaning.jp/regions/tochigi/evaporator-senjo/,車 エアコン 臭い 取れない プロ,713
HIGH,栃木県＿車内クリーニング,エアコン_エバポレーター,ペットうんち,エバポ,evaporator-senjo,https://carinteriorcleaning.jp/regions/tochigi/evaporator-senjo/,車 エアコン 咳 目が痒い 洗浄,714
HIGH,栃木県＿車内クリーニング,AG_エアコン_エバポ,嘔吐ニオイ清掃,エバポ,evaporator-senjo,https://carinteriorcleaning.jp/regions/tochigi/evaporator-senjo/,栃木 エアコン 臭い 車,716
HIGH,栃木県＿車内クリーニング,条件_出張,嘔吐ニオイ清掃,出張専門,shutchou-senmon,https://carinteriorcleaning.jp/regions/tochigi/shutchou-senmon/,出張 車内クリーニング おすすめ,718
