番号,LP種別,地域ID,地域名,キーワードslug,訴求・キーワード名,URL,パス,備考
1,リダイレクト,—,—,—,—,https://carinteriorcleaning.jp/,/,301 → /regions/osaka/
2,地域メインLP,aichi,愛知県,,愛知県 車内クリーニング,https://carinteriorcleaning.jp/regions/aichi/,/regions/aichi/,乗用車
3,地域メインLP,okinawa,沖縄県,,沖縄県 車内クリーニング,https://carinteriorcleaning.jp/regions/okinawa/,/regions/okinawa/,乗用車
4,地域メインLP,fukuoka,福岡県,,福岡県 車内クリーニング,https://carinteriorcleaning.jp/regions/fukuoka/,/regions/fukuoka/,乗用車
5,地域メインLP,hyogo,兵庫県,,兵庫県 車内クリーニング,https://carinteriorcleaning.jp/regions/hyogo/,/regions/hyogo/,乗用車
6,地域メインLP,ibaraki,茨城県,,茨城県 車内クリーニング,https://carinteriorcleaning.jp/regions/ibaraki/,/regions/ibaraki/,乗用車
7,地域メインLP,chiba,千葉県,,千葉県 車内クリーニング,https://carinteriorcleaning.jp/regions/chiba/,/regions/chiba/,乗用車
8,地域メインLP,saitama,埼玉県,,埼玉県 車内クリーニング,https://carinteriorcleaning.jp/regions/saitama/,/regions/saitama/,乗用車
9,地域メインLP,kanagawa,神奈川県,,神奈川県 車内クリーニング,https://carinteriorcleaning.jp/regions/kanagawa/,/regions/kanagawa/,乗用車
10,地域メインLP,shiga,滋賀県,,滋賀県 車内クリーニング,https://carinteriorcleaning.jp/regions/shiga/,/regions/shiga/,乗用車
11,地域メインLP,kumamoto,熊本県,,熊本県 車内クリーニング,https://carinteriorcleaning.jp/regions/kumamoto/,/regions/kumamoto/,乗用車
12,地域メインLP,miyagi,宮城県,,宮城県 車内クリーニング,https://carinteriorcleaning.jp/regions/miyagi/,/regions/miyagi/,乗用車
13,地域メインLP,tochigi,栃木県,,栃木県 車内クリーニング,https://carinteriorcleaning.jp/regions/tochigi/,/regions/tochigi/,乗用車
14,地域メインLP,kyoto,京都府,,京都府 車内クリーニング,https://carinteriorcleaning.jp/regions/kyoto/,/regions/kyoto/,乗用車
15,地域メインLP,tokyo,東京都,,東京都 車内クリーニング,https://carinteriorcleaning.jp/regions/tokyo/,/regions/tokyo/,乗用車
16,地域メインLP,osaka,大阪府,,大阪府 車内クリーニング,https://carinteriorcleaning.jp/regions/osaka/,/regions/osaka/,乗用車
17,地域メインLP,gunma,群馬県,,群馬県 車内クリーニング,https://carinteriorcleaning.jp/regions/gunma/,/regions/gunma/,乗用車
18,地域メインLP,shizuoka,静岡県,,静岡県 車内クリーニング,https://carinteriorcleaning.jp/regions/shizuoka/,/regions/shizuoka/,乗用車
19,地域メインLP,nara,奈良県,,奈良県 車内クリーニング,https://carinteriorcleaning.jp/regions/nara/,/regions/nara/,乗用車
20,地域メインLP,wakayama,和歌山県,,和歌山県 車内クリーニング,https://carinteriorcleaning.jp/regions/wakayama/,/regions/wakayama/,乗用車
21,地域メインLP,saga,佐賀県,,佐賀県 車内クリーニング,https://carinteriorcleaning.jp/regions/saga/,/regions/saga/,乗用車
22,地域メインLP,fukui,福井県,,福井県 車内クリーニング,https://carinteriorcleaning.jp/regions/fukui/,/regions/fukui/,乗用車
23,地域トラックLP,aichi,愛知県,,愛知県 トラックキャビン清掃,https://carinteriorcleaning.jp/regions/aichi-truck/,/regions/aichi-truck/,トラック
24,地域トラックLP,okinawa,沖縄県,,沖縄県 トラックキャビン清掃,https://carinteriorcleaning.jp/regions/okinawa-truck/,/regions/okinawa-truck/,トラック
25,地域トラックLP,fukuoka,福岡県,,福岡県 トラックキャビン清掃,https://carinteriorcleaning.jp/regions/fukuoka-truck/,/regions/fukuoka-truck/,トラック
26,地域トラックLP,hyogo,兵庫県,,兵庫県 トラックキャビン清掃,https://carinteriorcleaning.jp/regions/hyogo-truck/,/regions/hyogo-truck/,トラック
27,地域トラックLP,ibaraki,茨城県,,茨城県 トラックキャビン清掃,https://carinteriorcleaning.jp/regions/ibaraki-truck/,/regions/ibaraki-truck/,トラック
28,地域トラックLP,chiba,千葉県,,千葉県 トラックキャビン清掃,https://carinteriorcleaning.jp/regions/chiba-truck/,/regions/chiba-truck/,トラック
29,地域トラックLP,saitama,埼玉県,,埼玉県 トラックキャビン清掃,https://carinteriorcleaning.jp/regions/saitama-truck/,/regions/saitama-truck/,トラック
30,地域トラックLP,kanagawa,神奈川県,,神奈川県 トラックキャビン清掃,https://carinteriorcleaning.jp/regions/kanagawa-truck/,/regions/kanagawa-truck/,トラック
31,地域トラックLP,shiga,滋賀県,,滋賀県 トラックキャビン清掃,https://carinteriorcleaning.jp/regions/shiga-truck/,/regions/shiga-truck/,トラック
32,地域トラックLP,kumamoto,熊本県,,熊本県 トラックキャビン清掃,https://carinteriorcleaning.jp/regions/kumamoto-truck/,/regions/kumamoto-truck/,トラック
33,地域トラックLP,miyagi,宮城県,,宮城県 トラックキャビン清掃,https://carinteriorcleaning.jp/regions/miyagi-truck/,/regions/miyagi-truck/,トラック
34,地域トラックLP,tochigi,栃木県,,栃木県 トラックキャビン清掃,https://carinteriorcleaning.jp/regions/tochigi-truck/,/regions/tochigi-truck/,トラック
35,地域トラックLP,kyoto,京都府,,京都府 トラックキャビン清掃,https://carinteriorcleaning.jp/regions/kyoto-truck/,/regions/kyoto-truck/,トラック
36,地域トラックLP,tokyo,東京都,,東京都 トラックキャビン清掃,https://carinteriorcleaning.jp/regions/tokyo-truck/,/regions/tokyo-truck/,トラック
37,地域トラックLP,osaka,大阪府,,大阪府 トラックキャビン清掃,https://carinteriorcleaning.jp/regions/osaka-truck/,/regions/osaka-truck/,トラック
38,地域トラックLP,gunma,群馬県,,群馬県 トラックキャビン清掃,https://carinteriorcleaning.jp/regions/gunma-truck/,/regions/gunma-truck/,トラック
39,地域トラックLP,shizuoka,静岡県,,静岡県 トラックキャビン清掃,https://carinteriorcleaning.jp/regions/shizuoka-truck/,/regions/shizuoka-truck/,トラック
40,地域トラックLP,nara,奈良県,,奈良県 トラックキャビン清掃,https://carinteriorcleaning.jp/regions/nara-truck/,/regions/nara-truck/,トラック
41,地域トラックLP,wakayama,和歌山県,,和歌山県 トラックキャビン清掃,https://carinteriorcleaning.jp/regions/wakayama-truck/,/regions/wakayama-truck/,トラック
42,地域トラックLP,saga,佐賀県,,佐賀県 トラックキャビン清掃,https://carinteriorcleaning.jp/regions/saga-truck/,/regions/saga-truck/,トラック
43,地域トラックLP,fukui,福井県,,福井県 トラックキャビン清掃,https://carinteriorcleaning.jp/regions/fukui-truck/,/regions/fukui-truck/,トラック
44,キーワードLP,aichi,愛知県,seat-senjo,車シート洗浄・黄ばみ除去,https://carinteriorcleaning.jp/regions/aichi/seat-senjo/,/regions/aichi/seat-senjo/,Google広告用
45,キーワードLP,aichi,愛知県,seat-cleaning,車シートクリーニング,https://carinteriorcleaning.jp/regions/aichi/seat-cleaning/,/regions/aichi/seat-cleaning/,Google広告用
46,キーワードLP,aichi,愛知県,oshikko,車 おしっこ汚れ・臭い対策,https://carinteriorcleaning.jp/regions/aichi/oshikko/,/regions/aichi/oshikko/,Google広告用
47,キーワードLP,aichi,愛知県,omorashi,車 おもらし・シミ洗浄,https://carinteriorcleaning.jp/regions/aichi/omorashi/,/regions/aichi/omorashi/,Google広告用
48,キーワードLP,aichi,愛知県,unko,車 うんち汚れ・除菌洗浄,https://carinteriorcleaning.jp/regions/aichi/unko/,/regions/aichi/unko/,Google広告用
49,キーワードLP,aichi,愛知県,shanai-nioi,車内の臭い・原因洗い出し,https://carinteriorcleaning.jp/regions/aichi/shanai-nioi/,/regions/aichi/shanai-nioi/,Google広告用
50,キーワードLP,aichi,愛知県,kuruma-nioitori,車の匂い取り・消臭洗浄,https://carinteriorcleaning.jp/regions/aichi/kuruma-nioitori/,/regions/aichi/kuruma-nioitori/,Google広告用
51,キーワードLP,aichi,愛知県,ac-nioi,車エアコン臭い・ダクト対策,https://carinteriorcleaning.jp/regions/aichi/ac-nioi/,/regions/aichi/ac-nioi/,Google広告用
52,キーワードLP,aichi,愛知県,ac-kusai,エアコン 臭い・クサイ対策,https://carinteriorcleaning.jp/regions/aichi/ac-kusai/,/regions/aichi/ac-kusai/,Google広告用
53,キーワードLP,aichi,愛知県,ase,汗・皮脂汚れの車内洗浄,https://carinteriorcleaning.jp/regions/aichi/ase/,/regions/aichi/ase/,Google広告用
54,キーワードLP,aichi,愛知県,kareisyu,加齢臭・車内の体臭対策,https://carinteriorcleaning.jp/regions/aichi/kareisyu/,/regions/aichi/kareisyu/,Google広告用
55,キーワードLP,aichi,愛知県,pet-nioi,ペット臭・車内消臭,https://carinteriorcleaning.jp/regions/aichi/pet-nioi/,/regions/aichi/pet-nioi/,Google広告用
56,キーワードLP,aichi,愛知県,tabako-yani,タバコ臭・ヤニ汚れ洗浄,https://carinteriorcleaning.jp/regions/aichi/tabako-yani/,/regions/aichi/tabako-yani/,Google広告用
57,キーワードLP,aichi,愛知県,chuko-tabako,中古車タバコ臭,https://carinteriorcleaning.jp/regions/aichi/chuko-tabako/,/regions/aichi/chuko-tabako/,Google広告用
58,キーワードLP,aichi,愛知県,chuko-kareisyu,中古車加齢臭,https://carinteriorcleaning.jp/regions/aichi/chuko-kareisyu/,/regions/aichi/chuko-kareisyu/,Google広告用
59,キーワードLP,aichi,愛知県,touyu-kobosi,車内灯油こぼし,https://carinteriorcleaning.jp/regions/aichi/touyu-kobosi/,/regions/aichi/touyu-kobosi/,Google広告用
60,キーワードLP,aichi,愛知県,pet-ke,車ペット毛・清掃,https://carinteriorcleaning.jp/regions/aichi/pet-ke/,/regions/aichi/pet-ke/,Google広告用
61,キーワードLP,aichi,愛知県,kyuto-cleaning,車 嘔吐 クリーニング,https://carinteriorcleaning.jp/regions/aichi/kyuto-cleaning/,/regions/aichi/kyuto-cleaning/,Google広告用
62,キーワードLP,aichi,愛知県,car-ac-cleaning,車 エアコンクリーニング,https://carinteriorcleaning.jp/regions/aichi/car-ac-cleaning/,/regions/aichi/car-ac-cleaning/,Google広告用
63,キーワードLP,aichi,愛知県,pet-unko,ペットうんち・車内除菌洗浄,https://carinteriorcleaning.jp/regions/aichi/pet-unko/,/regions/aichi/pet-unko/,Google広告用
64,キーワードLP,aichi,愛知県,shutchou-senmon,出張 車内クリーニング 専門店,https://carinteriorcleaning.jp/regions/aichi/shutchou-senmon/,/regions/aichi/shutchou-senmon/,Google広告用
65,キーワードLP,aichi,愛知県,shanai-shoshu,車内 消臭・脱臭洗浄,https://carinteriorcleaning.jp/regions/aichi/shanai-shoshu/,/regions/aichi/shanai-shoshu/,Google広告用
66,キーワードLP,aichi,愛知県,kuruma-nioi-keshi,車 匂い 消し・消臭洗浄,https://carinteriorcleaning.jp/regions/aichi/kuruma-nioi-keshi/,/regions/aichi/kuruma-nioi-keshi/,Google広告用
67,キーワードLP,okinawa,沖縄県,seat-senjo,車シート洗浄・黄ばみ除去,https://carinteriorcleaning.jp/regions/okinawa/seat-senjo/,/regions/okinawa/seat-senjo/,Google広告用
68,キーワードLP,okinawa,沖縄県,seat-cleaning,車シートクリーニング,https://carinteriorcleaning.jp/regions/okinawa/seat-cleaning/,/regions/okinawa/seat-cleaning/,Google広告用
69,キーワードLP,okinawa,沖縄県,oshikko,車 おしっこ汚れ・臭い対策,https://carinteriorcleaning.jp/regions/okinawa/oshikko/,/regions/okinawa/oshikko/,Google広告用
70,キーワードLP,okinawa,沖縄県,omorashi,車 おもらし・シミ洗浄,https://carinteriorcleaning.jp/regions/okinawa/omorashi/,/regions/okinawa/omorashi/,Google広告用
71,キーワードLP,okinawa,沖縄県,unko,車 うんち汚れ・除菌洗浄,https://carinteriorcleaning.jp/regions/okinawa/unko/,/regions/okinawa/unko/,Google広告用
72,キーワードLP,okinawa,沖縄県,shanai-nioi,車内の臭い・原因洗い出し,https://carinteriorcleaning.jp/regions/okinawa/shanai-nioi/,/regions/okinawa/shanai-nioi/,Google広告用
73,キーワードLP,okinawa,沖縄県,kuruma-nioitori,車の匂い取り・消臭洗浄,https://carinteriorcleaning.jp/regions/okinawa/kuruma-nioitori/,/regions/okinawa/kuruma-nioitori/,Google広告用
74,キーワードLP,okinawa,沖縄県,ac-nioi,車エアコン臭い・ダクト対策,https://carinteriorcleaning.jp/regions/okinawa/ac-nioi/,/regions/okinawa/ac-nioi/,Google広告用
75,キーワードLP,okinawa,沖縄県,ac-kusai,エアコン 臭い・クサイ対策,https://carinteriorcleaning.jp/regions/okinawa/ac-kusai/,/regions/okinawa/ac-kusai/,Google広告用
76,キーワードLP,okinawa,沖縄県,ase,汗・皮脂汚れの車内洗浄,https://carinteriorcleaning.jp/regions/okinawa/ase/,/regions/okinawa/ase/,Google広告用
77,キーワードLP,okinawa,沖縄県,kareisyu,加齢臭・車内の体臭対策,https://carinteriorcleaning.jp/regions/okinawa/kareisyu/,/regions/okinawa/kareisyu/,Google広告用
78,キーワードLP,okinawa,沖縄県,pet-nioi,ペット臭・車内消臭,https://carinteriorcleaning.jp/regions/okinawa/pet-nioi/,/regions/okinawa/pet-nioi/,Google広告用
79,キーワードLP,okinawa,沖縄県,tabako-yani,タバコ臭・ヤニ汚れ洗浄,https://carinteriorcleaning.jp/regions/okinawa/tabako-yani/,/regions/okinawa/tabako-yani/,Google広告用
80,キーワードLP,okinawa,沖縄県,chuko-tabako,中古車タバコ臭,https://carinteriorcleaning.jp/regions/okinawa/chuko-tabako/,/regions/okinawa/chuko-tabako/,Google広告用
81,キーワードLP,okinawa,沖縄県,chuko-kareisyu,中古車加齢臭,https://carinteriorcleaning.jp/regions/okinawa/chuko-kareisyu/,/regions/okinawa/chuko-kareisyu/,Google広告用
82,キーワードLP,okinawa,沖縄県,touyu-kobosi,車内灯油こぼし,https://carinteriorcleaning.jp/regions/okinawa/touyu-kobosi/,/regions/okinawa/touyu-kobosi/,Google広告用
83,キーワードLP,okinawa,沖縄県,pet-ke,車ペット毛・清掃,https://carinteriorcleaning.jp/regions/okinawa/pet-ke/,/regions/okinawa/pet-ke/,Google広告用
84,キーワードLP,okinawa,沖縄県,kyuto-cleaning,車 嘔吐 クリーニング,https://carinteriorcleaning.jp/regions/okinawa/kyuto-cleaning/,/regions/okinawa/kyuto-cleaning/,Google広告用
85,キーワードLP,okinawa,沖縄県,car-ac-cleaning,車 エアコンクリーニング,https://carinteriorcleaning.jp/regions/okinawa/car-ac-cleaning/,/regions/okinawa/car-ac-cleaning/,Google広告用
86,キーワードLP,okinawa,沖縄県,pet-unko,ペットうんち・車内除菌洗浄,https://carinteriorcleaning.jp/regions/okinawa/pet-unko/,/regions/okinawa/pet-unko/,Google広告用
87,キーワードLP,okinawa,沖縄県,shutchou-senmon,出張 車内クリーニング 専門店,https://carinteriorcleaning.jp/regions/okinawa/shutchou-senmon/,/regions/okinawa/shutchou-senmon/,Google広告用
88,キーワードLP,okinawa,沖縄県,shanai-shoshu,車内 消臭・脱臭洗浄,https://carinteriorcleaning.jp/regions/okinawa/shanai-shoshu/,/regions/okinawa/shanai-shoshu/,Google広告用
89,キーワードLP,okinawa,沖縄県,kuruma-nioi-keshi,車 匂い 消し・消臭洗浄,https://carinteriorcleaning.jp/regions/okinawa/kuruma-nioi-keshi/,/regions/okinawa/kuruma-nioi-keshi/,Google広告用
90,キーワードLP,fukuoka,福岡県,seat-senjo,車シート洗浄・黄ばみ除去,https://carinteriorcleaning.jp/regions/fukuoka/seat-senjo/,/regions/fukuoka/seat-senjo/,Google広告用
91,キーワードLP,fukuoka,福岡県,seat-cleaning,車シートクリーニング,https://carinteriorcleaning.jp/regions/fukuoka/seat-cleaning/,/regions/fukuoka/seat-cleaning/,Google広告用
92,キーワードLP,fukuoka,福岡県,oshikko,車 おしっこ汚れ・臭い対策,https://carinteriorcleaning.jp/regions/fukuoka/oshikko/,/regions/fukuoka/oshikko/,Google広告用
93,キーワードLP,fukuoka,福岡県,omorashi,車 おもらし・シミ洗浄,https://carinteriorcleaning.jp/regions/fukuoka/omorashi/,/regions/fukuoka/omorashi/,Google広告用
94,キーワードLP,fukuoka,福岡県,unko,車 うんち汚れ・除菌洗浄,https://carinteriorcleaning.jp/regions/fukuoka/unko/,/regions/fukuoka/unko/,Google広告用
95,キーワードLP,fukuoka,福岡県,shanai-nioi,車内の臭い・原因洗い出し,https://carinteriorcleaning.jp/regions/fukuoka/shanai-nioi/,/regions/fukuoka/shanai-nioi/,Google広告用
96,キーワードLP,fukuoka,福岡県,kuruma-nioitori,車の匂い取り・消臭洗浄,https://carinteriorcleaning.jp/regions/fukuoka/kuruma-nioitori/,/regions/fukuoka/kuruma-nioitori/,Google広告用
97,キーワードLP,fukuoka,福岡県,ac-nioi,車エアコン臭い・ダクト対策,https://carinteriorcleaning.jp/regions/fukuoka/ac-nioi/,/regions/fukuoka/ac-nioi/,Google広告用
98,キーワードLP,fukuoka,福岡県,ac-kusai,エアコン 臭い・クサイ対策,https://carinteriorcleaning.jp/regions/fukuoka/ac-kusai/,/regions/fukuoka/ac-kusai/,Google広告用
99,キーワードLP,fukuoka,福岡県,ase,汗・皮脂汚れの車内洗浄,https://carinteriorcleaning.jp/regions/fukuoka/ase/,/regions/fukuoka/ase/,Google広告用
100,キーワードLP,fukuoka,福岡県,kareisyu,加齢臭・車内の体臭対策,https://carinteriorcleaning.jp/regions/fukuoka/kareisyu/,/regions/fukuoka/kareisyu/,Google広告用
101,キーワードLP,fukuoka,福岡県,pet-nioi,ペット臭・車内消臭,https://carinteriorcleaning.jp/regions/fukuoka/pet-nioi/,/regions/fukuoka/pet-nioi/,Google広告用
102,キーワードLP,fukuoka,福岡県,tabako-yani,タバコ臭・ヤニ汚れ洗浄,https://carinteriorcleaning.jp/regions/fukuoka/tabako-yani/,/regions/fukuoka/tabako-yani/,Google広告用
103,キーワードLP,fukuoka,福岡県,chuko-tabako,中古車タバコ臭,https://carinteriorcleaning.jp/regions/fukuoka/chuko-tabako/,/regions/fukuoka/chuko-tabako/,Google広告用
104,キーワードLP,fukuoka,福岡県,chuko-kareisyu,中古車加齢臭,https://carinteriorcleaning.jp/regions/fukuoka/chuko-kareisyu/,/regions/fukuoka/chuko-kareisyu/,Google広告用
105,キーワードLP,fukuoka,福岡県,touyu-kobosi,車内灯油こぼし,https://carinteriorcleaning.jp/regions/fukuoka/touyu-kobosi/,/regions/fukuoka/touyu-kobosi/,Google広告用
106,キーワードLP,fukuoka,福岡県,pet-ke,車ペット毛・清掃,https://carinteriorcleaning.jp/regions/fukuoka/pet-ke/,/regions/fukuoka/pet-ke/,Google広告用
107,キーワードLP,fukuoka,福岡県,kyuto-cleaning,車 嘔吐 クリーニング,https://carinteriorcleaning.jp/regions/fukuoka/kyuto-cleaning/,/regions/fukuoka/kyuto-cleaning/,Google広告用
108,キーワードLP,fukuoka,福岡県,car-ac-cleaning,車 エアコンクリーニング,https://carinteriorcleaning.jp/regions/fukuoka/car-ac-cleaning/,/regions/fukuoka/car-ac-cleaning/,Google広告用
109,キーワードLP,fukuoka,福岡県,pet-unko,ペットうんち・車内除菌洗浄,https://carinteriorcleaning.jp/regions/fukuoka/pet-unko/,/regions/fukuoka/pet-unko/,Google広告用
110,キーワードLP,fukuoka,福岡県,shutchou-senmon,出張 車内クリーニング 専門店,https://carinteriorcleaning.jp/regions/fukuoka/shutchou-senmon/,/regions/fukuoka/shutchou-senmon/,Google広告用
111,キーワードLP,fukuoka,福岡県,shanai-shoshu,車内 消臭・脱臭洗浄,https://carinteriorcleaning.jp/regions/fukuoka/shanai-shoshu/,/regions/fukuoka/shanai-shoshu/,Google広告用
112,キーワードLP,fukuoka,福岡県,kuruma-nioi-keshi,車 匂い 消し・消臭洗浄,https://carinteriorcleaning.jp/regions/fukuoka/kuruma-nioi-keshi/,/regions/fukuoka/kuruma-nioi-keshi/,Google広告用
113,キーワードLP,hyogo,兵庫県,seat-senjo,車シート洗浄・黄ばみ除去,https://carinteriorcleaning.jp/regions/hyogo/seat-senjo/,/regions/hyogo/seat-senjo/,Google広告用
114,キーワードLP,hyogo,兵庫県,seat-cleaning,車シートクリーニング,https://carinteriorcleaning.jp/regions/hyogo/seat-cleaning/,/regions/hyogo/seat-cleaning/,Google広告用
115,キーワードLP,hyogo,兵庫県,oshikko,車 おしっこ汚れ・臭い対策,https://carinteriorcleaning.jp/regions/hyogo/oshikko/,/regions/hyogo/oshikko/,Google広告用
116,キーワードLP,hyogo,兵庫県,omorashi,車 おもらし・シミ洗浄,https://carinteriorcleaning.jp/regions/hyogo/omorashi/,/regions/hyogo/omorashi/,Google広告用
117,キーワードLP,hyogo,兵庫県,unko,車 うんち汚れ・除菌洗浄,https://carinteriorcleaning.jp/regions/hyogo/unko/,/regions/hyogo/unko/,Google広告用
118,キーワードLP,hyogo,兵庫県,shanai-nioi,車内の臭い・原因洗い出し,https://carinteriorcleaning.jp/regions/hyogo/shanai-nioi/,/regions/hyogo/shanai-nioi/,Google広告用
119,キーワードLP,hyogo,兵庫県,kuruma-nioitori,車の匂い取り・消臭洗浄,https://carinteriorcleaning.jp/regions/hyogo/kuruma-nioitori/,/regions/hyogo/kuruma-nioitori/,Google広告用
120,キーワードLP,hyogo,兵庫県,ac-nioi,車エアコン臭い・ダクト対策,https://carinteriorcleaning.jp/regions/hyogo/ac-nioi/,/regions/hyogo/ac-nioi/,Google広告用
121,キーワードLP,hyogo,兵庫県,ac-kusai,エアコン 臭い・クサイ対策,https://carinteriorcleaning.jp/regions/hyogo/ac-kusai/,/regions/hyogo/ac-kusai/,Google広告用
122,キーワードLP,hyogo,兵庫県,ase,汗・皮脂汚れの車内洗浄,https://carinteriorcleaning.jp/regions/hyogo/ase/,/regions/hyogo/ase/,Google広告用
123,キーワードLP,hyogo,兵庫県,kareisyu,加齢臭・車内の体臭対策,https://carinteriorcleaning.jp/regions/hyogo/kareisyu/,/regions/hyogo/kareisyu/,Google広告用
124,キーワードLP,hyogo,兵庫県,pet-nioi,ペット臭・車内消臭,https://carinteriorcleaning.jp/regions/hyogo/pet-nioi/,/regions/hyogo/pet-nioi/,Google広告用
125,キーワードLP,hyogo,兵庫県,tabako-yani,タバコ臭・ヤニ汚れ洗浄,https://carinteriorcleaning.jp/regions/hyogo/tabako-yani/,/regions/hyogo/tabako-yani/,Google広告用
126,キーワードLP,hyogo,兵庫県,chuko-tabako,中古車タバコ臭,https://carinteriorcleaning.jp/regions/hyogo/chuko-tabako/,/regions/hyogo/chuko-tabako/,Google広告用
127,キーワードLP,hyogo,兵庫県,chuko-kareisyu,中古車加齢臭,https://carinteriorcleaning.jp/regions/hyogo/chuko-kareisyu/,/regions/hyogo/chuko-kareisyu/,Google広告用
128,キーワードLP,hyogo,兵庫県,touyu-kobosi,車内灯油こぼし,https://carinteriorcleaning.jp/regions/hyogo/touyu-kobosi/,/regions/hyogo/touyu-kobosi/,Google広告用
129,キーワードLP,hyogo,兵庫県,pet-ke,車ペット毛・清掃,https://carinteriorcleaning.jp/regions/hyogo/pet-ke/,/regions/hyogo/pet-ke/,Google広告用
130,キーワードLP,hyogo,兵庫県,kyuto-cleaning,車 嘔吐 クリーニング,https://carinteriorcleaning.jp/regions/hyogo/kyuto-cleaning/,/regions/hyogo/kyuto-cleaning/,Google広告用
131,キーワードLP,hyogo,兵庫県,car-ac-cleaning,車 エアコンクリーニング,https://carinteriorcleaning.jp/regions/hyogo/car-ac-cleaning/,/regions/hyogo/car-ac-cleaning/,Google広告用
132,キーワードLP,hyogo,兵庫県,pet-unko,ペットうんち・車内除菌洗浄,https://carinteriorcleaning.jp/regions/hyogo/pet-unko/,/regions/hyogo/pet-unko/,Google広告用
133,キーワードLP,hyogo,兵庫県,shutchou-senmon,出張 車内クリーニング 専門店,https://carinteriorcleaning.jp/regions/hyogo/shutchou-senmon/,/regions/hyogo/shutchou-senmon/,Google広告用
134,キーワードLP,hyogo,兵庫県,shanai-shoshu,車内 消臭・脱臭洗浄,https://carinteriorcleaning.jp/regions/hyogo/shanai-shoshu/,/regions/hyogo/shanai-shoshu/,Google広告用
135,キーワードLP,hyogo,兵庫県,kuruma-nioi-keshi,車 匂い 消し・消臭洗浄,https://carinteriorcleaning.jp/regions/hyogo/kuruma-nioi-keshi/,/regions/hyogo/kuruma-nioi-keshi/,Google広告用
136,キーワードLP,ibaraki,茨城県,seat-senjo,車シート洗浄・黄ばみ除去,https://carinteriorcleaning.jp/regions/ibaraki/seat-senjo/,/regions/ibaraki/seat-senjo/,Google広告用
137,キーワードLP,ibaraki,茨城県,seat-cleaning,車シートクリーニング,https://carinteriorcleaning.jp/regions/ibaraki/seat-cleaning/,/regions/ibaraki/seat-cleaning/,Google広告用
138,キーワードLP,ibaraki,茨城県,oshikko,車 おしっこ汚れ・臭い対策,https://carinteriorcleaning.jp/regions/ibaraki/oshikko/,/regions/ibaraki/oshikko/,Google広告用
139,キーワードLP,ibaraki,茨城県,omorashi,車 おもらし・シミ洗浄,https://carinteriorcleaning.jp/regions/ibaraki/omorashi/,/regions/ibaraki/omorashi/,Google広告用
140,キーワードLP,ibaraki,茨城県,unko,車 うんち汚れ・除菌洗浄,https://carinteriorcleaning.jp/regions/ibaraki/unko/,/regions/ibaraki/unko/,Google広告用
141,キーワードLP,ibaraki,茨城県,shanai-nioi,車内の臭い・原因洗い出し,https://carinteriorcleaning.jp/regions/ibaraki/shanai-nioi/,/regions/ibaraki/shanai-nioi/,Google広告用
142,キーワードLP,ibaraki,茨城県,kuruma-nioitori,車の匂い取り・消臭洗浄,https://carinteriorcleaning.jp/regions/ibaraki/kuruma-nioitori/,/regions/ibaraki/kuruma-nioitori/,Google広告用
143,キーワードLP,ibaraki,茨城県,ac-nioi,車エアコン臭い・ダクト対策,https://carinteriorcleaning.jp/regions/ibaraki/ac-nioi/,/regions/ibaraki/ac-nioi/,Google広告用
144,キーワードLP,ibaraki,茨城県,ac-kusai,エアコン 臭い・クサイ対策,https://carinteriorcleaning.jp/regions/ibaraki/ac-kusai/,/regions/ibaraki/ac-kusai/,Google広告用
145,キーワードLP,ibaraki,茨城県,ase,汗・皮脂汚れの車内洗浄,https://carinteriorcleaning.jp/regions/ibaraki/ase/,/regions/ibaraki/ase/,Google広告用
146,キーワードLP,ibaraki,茨城県,kareisyu,加齢臭・車内の体臭対策,https://carinteriorcleaning.jp/regions/ibaraki/kareisyu/,/regions/ibaraki/kareisyu/,Google広告用
147,キーワードLP,ibaraki,茨城県,pet-nioi,ペット臭・車内消臭,https://carinteriorcleaning.jp/regions/ibaraki/pet-nioi/,/regions/ibaraki/pet-nioi/,Google広告用
148,キーワードLP,ibaraki,茨城県,tabako-yani,タバコ臭・ヤニ汚れ洗浄,https://carinteriorcleaning.jp/regions/ibaraki/tabako-yani/,/regions/ibaraki/tabako-yani/,Google広告用
149,キーワードLP,ibaraki,茨城県,chuko-tabako,中古車タバコ臭,https://carinteriorcleaning.jp/regions/ibaraki/chuko-tabako/,/regions/ibaraki/chuko-tabako/,Google広告用
150,キーワードLP,ibaraki,茨城県,chuko-kareisyu,中古車加齢臭,https://carinteriorcleaning.jp/regions/ibaraki/chuko-kareisyu/,/regions/ibaraki/chuko-kareisyu/,Google広告用
151,キーワードLP,ibaraki,茨城県,touyu-kobosi,車内灯油こぼし,https://carinteriorcleaning.jp/regions/ibaraki/touyu-kobosi/,/regions/ibaraki/touyu-kobosi/,Google広告用
152,キーワードLP,ibaraki,茨城県,pet-ke,車ペット毛・清掃,https://carinteriorcleaning.jp/regions/ibaraki/pet-ke/,/regions/ibaraki/pet-ke/,Google広告用
153,キーワードLP,ibaraki,茨城県,kyuto-cleaning,車 嘔吐 クリーニング,https://carinteriorcleaning.jp/regions/ibaraki/kyuto-cleaning/,/regions/ibaraki/kyuto-cleaning/,Google広告用
154,キーワードLP,ibaraki,茨城県,car-ac-cleaning,車 エアコンクリーニング,https://carinteriorcleaning.jp/regions/ibaraki/car-ac-cleaning/,/regions/ibaraki/car-ac-cleaning/,Google広告用
155,キーワードLP,ibaraki,茨城県,pet-unko,ペットうんち・車内除菌洗浄,https://carinteriorcleaning.jp/regions/ibaraki/pet-unko/,/regions/ibaraki/pet-unko/,Google広告用
156,キーワードLP,ibaraki,茨城県,shutchou-senmon,出張 車内クリーニング 専門店,https://carinteriorcleaning.jp/regions/ibaraki/shutchou-senmon/,/regions/ibaraki/shutchou-senmon/,Google広告用
157,キーワードLP,ibaraki,茨城県,shanai-shoshu,車内 消臭・脱臭洗浄,https://carinteriorcleaning.jp/regions/ibaraki/shanai-shoshu/,/regions/ibaraki/shanai-shoshu/,Google広告用
158,キーワードLP,ibaraki,茨城県,kuruma-nioi-keshi,車 匂い 消し・消臭洗浄,https://carinteriorcleaning.jp/regions/ibaraki/kuruma-nioi-keshi/,/regions/ibaraki/kuruma-nioi-keshi/,Google広告用
159,キーワードLP,chiba,千葉県,seat-senjo,車シート洗浄・黄ばみ除去,https://carinteriorcleaning.jp/regions/chiba/seat-senjo/,/regions/chiba/seat-senjo/,Google広告用
160,キーワードLP,chiba,千葉県,seat-cleaning,車シートクリーニング,https://carinteriorcleaning.jp/regions/chiba/seat-cleaning/,/regions/chiba/seat-cleaning/,Google広告用
161,キーワードLP,chiba,千葉県,oshikko,車 おしっこ汚れ・臭い対策,https://carinteriorcleaning.jp/regions/chiba/oshikko/,/regions/chiba/oshikko/,Google広告用
162,キーワードLP,chiba,千葉県,omorashi,車 おもらし・シミ洗浄,https://carinteriorcleaning.jp/regions/chiba/omorashi/,/regions/chiba/omorashi/,Google広告用
163,キーワードLP,chiba,千葉県,unko,車 うんち汚れ・除菌洗浄,https://carinteriorcleaning.jp/regions/chiba/unko/,/regions/chiba/unko/,Google広告用
164,キーワードLP,chiba,千葉県,shanai-nioi,車内の臭い・原因洗い出し,https://carinteriorcleaning.jp/regions/chiba/shanai-nioi/,/regions/chiba/shanai-nioi/,Google広告用
165,キーワードLP,chiba,千葉県,kuruma-nioitori,車の匂い取り・消臭洗浄,https://carinteriorcleaning.jp/regions/chiba/kuruma-nioitori/,/regions/chiba/kuruma-nioitori/,Google広告用
166,キーワードLP,chiba,千葉県,ac-nioi,車エアコン臭い・ダクト対策,https://carinteriorcleaning.jp/regions/chiba/ac-nioi/,/regions/chiba/ac-nioi/,Google広告用
167,キーワードLP,chiba,千葉県,ac-kusai,エアコン 臭い・クサイ対策,https://carinteriorcleaning.jp/regions/chiba/ac-kusai/,/regions/chiba/ac-kusai/,Google広告用
168,キーワードLP,chiba,千葉県,ase,汗・皮脂汚れの車内洗浄,https://carinteriorcleaning.jp/regions/chiba/ase/,/regions/chiba/ase/,Google広告用
169,キーワードLP,chiba,千葉県,kareisyu,加齢臭・車内の体臭対策,https://carinteriorcleaning.jp/regions/chiba/kareisyu/,/regions/chiba/kareisyu/,Google広告用
170,キーワードLP,chiba,千葉県,pet-nioi,ペット臭・車内消臭,https://carinteriorcleaning.jp/regions/chiba/pet-nioi/,/regions/chiba/pet-nioi/,Google広告用
171,キーワードLP,chiba,千葉県,tabako-yani,タバコ臭・ヤニ汚れ洗浄,https://carinteriorcleaning.jp/regions/chiba/tabako-yani/,/regions/chiba/tabako-yani/,Google広告用
172,キーワードLP,chiba,千葉県,chuko-tabako,中古車タバコ臭,https://carinteriorcleaning.jp/regions/chiba/chuko-tabako/,/regions/chiba/chuko-tabako/,Google広告用
173,キーワードLP,chiba,千葉県,chuko-kareisyu,中古車加齢臭,https://carinteriorcleaning.jp/regions/chiba/chuko-kareisyu/,/regions/chiba/chuko-kareisyu/,Google広告用
174,キーワードLP,chiba,千葉県,touyu-kobosi,車内灯油こぼし,https://carinteriorcleaning.jp/regions/chiba/touyu-kobosi/,/regions/chiba/touyu-kobosi/,Google広告用
175,キーワードLP,chiba,千葉県,pet-ke,車ペット毛・清掃,https://carinteriorcleaning.jp/regions/chiba/pet-ke/,/regions/chiba/pet-ke/,Google広告用
176,キーワードLP,chiba,千葉県,kyuto-cleaning,車 嘔吐 クリーニング,https://carinteriorcleaning.jp/regions/chiba/kyuto-cleaning/,/regions/chiba/kyuto-cleaning/,Google広告用
177,キーワードLP,chiba,千葉県,car-ac-cleaning,車 エアコンクリーニング,https://carinteriorcleaning.jp/regions/chiba/car-ac-cleaning/,/regions/chiba/car-ac-cleaning/,Google広告用
178,キーワードLP,chiba,千葉県,pet-unko,ペットうんち・車内除菌洗浄,https://carinteriorcleaning.jp/regions/chiba/pet-unko/,/regions/chiba/pet-unko/,Google広告用
179,キーワードLP,chiba,千葉県,shutchou-senmon,出張 車内クリーニング 専門店,https://carinteriorcleaning.jp/regions/chiba/shutchou-senmon/,/regions/chiba/shutchou-senmon/,Google広告用
180,キーワードLP,chiba,千葉県,shanai-shoshu,車内 消臭・脱臭洗浄,https://carinteriorcleaning.jp/regions/chiba/shanai-shoshu/,/regions/chiba/shanai-shoshu/,Google広告用
181,キーワードLP,chiba,千葉県,kuruma-nioi-keshi,車 匂い 消し・消臭洗浄,https://carinteriorcleaning.jp/regions/chiba/kuruma-nioi-keshi/,/regions/chiba/kuruma-nioi-keshi/,Google広告用
182,キーワードLP,saitama,埼玉県,seat-senjo,車シート洗浄・黄ばみ除去,https://carinteriorcleaning.jp/regions/saitama/seat-senjo/,/regions/saitama/seat-senjo/,Google広告用
183,キーワードLP,saitama,埼玉県,seat-cleaning,車シートクリーニング,https://carinteriorcleaning.jp/regions/saitama/seat-cleaning/,/regions/saitama/seat-cleaning/,Google広告用
184,キーワードLP,saitama,埼玉県,oshikko,車 おしっこ汚れ・臭い対策,https://carinteriorcleaning.jp/regions/saitama/oshikko/,/regions/saitama/oshikko/,Google広告用
185,キーワードLP,saitama,埼玉県,omorashi,車 おもらし・シミ洗浄,https://carinteriorcleaning.jp/regions/saitama/omorashi/,/regions/saitama/omorashi/,Google広告用
186,キーワードLP,saitama,埼玉県,unko,車 うんち汚れ・除菌洗浄,https://carinteriorcleaning.jp/regions/saitama/unko/,/regions/saitama/unko/,Google広告用
187,キーワードLP,saitama,埼玉県,shanai-nioi,車内の臭い・原因洗い出し,https://carinteriorcleaning.jp/regions/saitama/shanai-nioi/,/regions/saitama/shanai-nioi/,Google広告用
188,キーワードLP,saitama,埼玉県,kuruma-nioitori,車の匂い取り・消臭洗浄,https://carinteriorcleaning.jp/regions/saitama/kuruma-nioitori/,/regions/saitama/kuruma-nioitori/,Google広告用
189,キーワードLP,saitama,埼玉県,ac-nioi,車エアコン臭い・ダクト対策,https://carinteriorcleaning.jp/regions/saitama/ac-nioi/,/regions/saitama/ac-nioi/,Google広告用
190,キーワードLP,saitama,埼玉県,ac-kusai,エアコン 臭い・クサイ対策,https://carinteriorcleaning.jp/regions/saitama/ac-kusai/,/regions/saitama/ac-kusai/,Google広告用
191,キーワードLP,saitama,埼玉県,ase,汗・皮脂汚れの車内洗浄,https://carinteriorcleaning.jp/regions/saitama/ase/,/regions/saitama/ase/,Google広告用
192,キーワードLP,saitama,埼玉県,kareisyu,加齢臭・車内の体臭対策,https://carinteriorcleaning.jp/regions/saitama/kareisyu/,/regions/saitama/kareisyu/,Google広告用
193,キーワードLP,saitama,埼玉県,pet-nioi,ペット臭・車内消臭,https://carinteriorcleaning.jp/regions/saitama/pet-nioi/,/regions/saitama/pet-nioi/,Google広告用
194,キーワードLP,saitama,埼玉県,tabako-yani,タバコ臭・ヤニ汚れ洗浄,https://carinteriorcleaning.jp/regions/saitama/tabako-yani/,/regions/saitama/tabako-yani/,Google広告用
195,キーワードLP,saitama,埼玉県,chuko-tabako,中古車タバコ臭,https://carinteriorcleaning.jp/regions/saitama/chuko-tabako/,/regions/saitama/chuko-tabako/,Google広告用
196,キーワードLP,saitama,埼玉県,chuko-kareisyu,中古車加齢臭,https://carinteriorcleaning.jp/regions/saitama/chuko-kareisyu/,/regions/saitama/chuko-kareisyu/,Google広告用
197,キーワードLP,saitama,埼玉県,touyu-kobosi,車内灯油こぼし,https://carinteriorcleaning.jp/regions/saitama/touyu-kobosi/,/regions/saitama/touyu-kobosi/,Google広告用
198,キーワードLP,saitama,埼玉県,pet-ke,車ペット毛・清掃,https://carinteriorcleaning.jp/regions/saitama/pet-ke/,/regions/saitama/pet-ke/,Google広告用
199,キーワードLP,saitama,埼玉県,kyuto-cleaning,車 嘔吐 クリーニング,https://carinteriorcleaning.jp/regions/saitama/kyuto-cleaning/,/regions/saitama/kyuto-cleaning/,Google広告用
200,キーワードLP,saitama,埼玉県,car-ac-cleaning,車 エアコンクリーニング,https://carinteriorcleaning.jp/regions/saitama/car-ac-cleaning/,/regions/saitama/car-ac-cleaning/,Google広告用
201,キーワードLP,saitama,埼玉県,pet-unko,ペットうんち・車内除菌洗浄,https://carinteriorcleaning.jp/regions/saitama/pet-unko/,/regions/saitama/pet-unko/,Google広告用
202,キーワードLP,saitama,埼玉県,shutchou-senmon,出張 車内クリーニング 専門店,https://carinteriorcleaning.jp/regions/saitama/shutchou-senmon/,/regions/saitama/shutchou-senmon/,Google広告用
203,キーワードLP,saitama,埼玉県,shanai-shoshu,車内 消臭・脱臭洗浄,https://carinteriorcleaning.jp/regions/saitama/shanai-shoshu/,/regions/saitama/shanai-shoshu/,Google広告用
204,キーワードLP,saitama,埼玉県,kuruma-nioi-keshi,車 匂い 消し・消臭洗浄,https://carinteriorcleaning.jp/regions/saitama/kuruma-nioi-keshi/,/regions/saitama/kuruma-nioi-keshi/,Google広告用
205,キーワードLP,kanagawa,神奈川県,seat-senjo,車シート洗浄・黄ばみ除去,https://carinteriorcleaning.jp/regions/kanagawa/seat-senjo/,/regions/kanagawa/seat-senjo/,Google広告用
206,キーワードLP,kanagawa,神奈川県,seat-cleaning,車シートクリーニング,https://carinteriorcleaning.jp/regions/kanagawa/seat-cleaning/,/regions/kanagawa/seat-cleaning/,Google広告用
207,キーワードLP,kanagawa,神奈川県,oshikko,車 おしっこ汚れ・臭い対策,https://carinteriorcleaning.jp/regions/kanagawa/oshikko/,/regions/kanagawa/oshikko/,Google広告用
208,キーワードLP,kanagawa,神奈川県,omorashi,車 おもらし・シミ洗浄,https://carinteriorcleaning.jp/regions/kanagawa/omorashi/,/regions/kanagawa/omorashi/,Google広告用
209,キーワードLP,kanagawa,神奈川県,unko,車 うんち汚れ・除菌洗浄,https://carinteriorcleaning.jp/regions/kanagawa/unko/,/regions/kanagawa/unko/,Google広告用
210,キーワードLP,kanagawa,神奈川県,shanai-nioi,車内の臭い・原因洗い出し,https://carinteriorcleaning.jp/regions/kanagawa/shanai-nioi/,/regions/kanagawa/shanai-nioi/,Google広告用
211,キーワードLP,kanagawa,神奈川県,kuruma-nioitori,車の匂い取り・消臭洗浄,https://carinteriorcleaning.jp/regions/kanagawa/kuruma-nioitori/,/regions/kanagawa/kuruma-nioitori/,Google広告用
212,キーワードLP,kanagawa,神奈川県,ac-nioi,車エアコン臭い・ダクト対策,https://carinteriorcleaning.jp/regions/kanagawa/ac-nioi/,/regions/kanagawa/ac-nioi/,Google広告用
213,キーワードLP,kanagawa,神奈川県,ac-kusai,エアコン 臭い・クサイ対策,https://carinteriorcleaning.jp/regions/kanagawa/ac-kusai/,/regions/kanagawa/ac-kusai/,Google広告用
214,キーワードLP,kanagawa,神奈川県,ase,汗・皮脂汚れの車内洗浄,https://carinteriorcleaning.jp/regions/kanagawa/ase/,/regions/kanagawa/ase/,Google広告用
215,キーワードLP,kanagawa,神奈川県,kareisyu,加齢臭・車内の体臭対策,https://carinteriorcleaning.jp/regions/kanagawa/kareisyu/,/regions/kanagawa/kareisyu/,Google広告用
216,キーワードLP,kanagawa,神奈川県,pet-nioi,ペット臭・車内消臭,https://carinteriorcleaning.jp/regions/kanagawa/pet-nioi/,/regions/kanagawa/pet-nioi/,Google広告用
217,キーワードLP,kanagawa,神奈川県,tabako-yani,タバコ臭・ヤニ汚れ洗浄,https://carinteriorcleaning.jp/regions/kanagawa/tabako-yani/,/regions/kanagawa/tabako-yani/,Google広告用
218,キーワードLP,kanagawa,神奈川県,chuko-tabako,中古車タバコ臭,https://carinteriorcleaning.jp/regions/kanagawa/chuko-tabako/,/regions/kanagawa/chuko-tabako/,Google広告用
219,キーワードLP,kanagawa,神奈川県,chuko-kareisyu,中古車加齢臭,https://carinteriorcleaning.jp/regions/kanagawa/chuko-kareisyu/,/regions/kanagawa/chuko-kareisyu/,Google広告用
220,キーワードLP,kanagawa,神奈川県,touyu-kobosi,車内灯油こぼし,https://carinteriorcleaning.jp/regions/kanagawa/touyu-kobosi/,/regions/kanagawa/touyu-kobosi/,Google広告用
221,キーワードLP,kanagawa,神奈川県,pet-ke,車ペット毛・清掃,https://carinteriorcleaning.jp/regions/kanagawa/pet-ke/,/regions/kanagawa/pet-ke/,Google広告用
222,キーワードLP,kanagawa,神奈川県,kyuto-cleaning,車 嘔吐 クリーニング,https://carinteriorcleaning.jp/regions/kanagawa/kyuto-cleaning/,/regions/kanagawa/kyuto-cleaning/,Google広告用
223,キーワードLP,kanagawa,神奈川県,car-ac-cleaning,車 エアコンクリーニング,https://carinteriorcleaning.jp/regions/kanagawa/car-ac-cleaning/,/regions/kanagawa/car-ac-cleaning/,Google広告用
224,キーワードLP,kanagawa,神奈川県,pet-unko,ペットうんち・車内除菌洗浄,https://carinteriorcleaning.jp/regions/kanagawa/pet-unko/,/regions/kanagawa/pet-unko/,Google広告用
225,キーワードLP,kanagawa,神奈川県,shutchou-senmon,出張 車内クリーニング 専門店,https://carinteriorcleaning.jp/regions/kanagawa/shutchou-senmon/,/regions/kanagawa/shutchou-senmon/,Google広告用
226,キーワードLP,kanagawa,神奈川県,shanai-shoshu,車内 消臭・脱臭洗浄,https://carinteriorcleaning.jp/regions/kanagawa/shanai-shoshu/,/regions/kanagawa/shanai-shoshu/,Google広告用
227,キーワードLP,kanagawa,神奈川県,kuruma-nioi-keshi,車 匂い 消し・消臭洗浄,https://carinteriorcleaning.jp/regions/kanagawa/kuruma-nioi-keshi/,/regions/kanagawa/kuruma-nioi-keshi/,Google広告用
228,キーワードLP,shiga,滋賀県,seat-senjo,車シート洗浄・黄ばみ除去,https://carinteriorcleaning.jp/regions/shiga/seat-senjo/,/regions/shiga/seat-senjo/,Google広告用
229,キーワードLP,shiga,滋賀県,seat-cleaning,車シートクリーニング,https://carinteriorcleaning.jp/regions/shiga/seat-cleaning/,/regions/shiga/seat-cleaning/,Google広告用
230,キーワードLP,shiga,滋賀県,oshikko,車 おしっこ汚れ・臭い対策,https://carinteriorcleaning.jp/regions/shiga/oshikko/,/regions/shiga/oshikko/,Google広告用
231,キーワードLP,shiga,滋賀県,omorashi,車 おもらし・シミ洗浄,https://carinteriorcleaning.jp/regions/shiga/omorashi/,/regions/shiga/omorashi/,Google広告用
232,キーワードLP,shiga,滋賀県,unko,車 うんち汚れ・除菌洗浄,https://carinteriorcleaning.jp/regions/shiga/unko/,/regions/shiga/unko/,Google広告用
233,キーワードLP,shiga,滋賀県,shanai-nioi,車内の臭い・原因洗い出し,https://carinteriorcleaning.jp/regions/shiga/shanai-nioi/,/regions/shiga/shanai-nioi/,Google広告用
234,キーワードLP,shiga,滋賀県,kuruma-nioitori,車の匂い取り・消臭洗浄,https://carinteriorcleaning.jp/regions/shiga/kuruma-nioitori/,/regions/shiga/kuruma-nioitori/,Google広告用
235,キーワードLP,shiga,滋賀県,ac-nioi,車エアコン臭い・ダクト対策,https://carinteriorcleaning.jp/regions/shiga/ac-nioi/,/regions/shiga/ac-nioi/,Google広告用
236,キーワードLP,shiga,滋賀県,ac-kusai,エアコン 臭い・クサイ対策,https://carinteriorcleaning.jp/regions/shiga/ac-kusai/,/regions/shiga/ac-kusai/,Google広告用
237,キーワードLP,shiga,滋賀県,ase,汗・皮脂汚れの車内洗浄,https://carinteriorcleaning.jp/regions/shiga/ase/,/regions/shiga/ase/,Google広告用
238,キーワードLP,shiga,滋賀県,kareisyu,加齢臭・車内の体臭対策,https://carinteriorcleaning.jp/regions/shiga/kareisyu/,/regions/shiga/kareisyu/,Google広告用
239,キーワードLP,shiga,滋賀県,pet-nioi,ペット臭・車内消臭,https://carinteriorcleaning.jp/regions/shiga/pet-nioi/,/regions/shiga/pet-nioi/,Google広告用
240,キーワードLP,shiga,滋賀県,tabako-yani,タバコ臭・ヤニ汚れ洗浄,https://carinteriorcleaning.jp/regions/shiga/tabako-yani/,/regions/shiga/tabako-yani/,Google広告用
241,キーワードLP,shiga,滋賀県,chuko-tabako,中古車タバコ臭,https://carinteriorcleaning.jp/regions/shiga/chuko-tabako/,/regions/shiga/chuko-tabako/,Google広告用
242,キーワードLP,shiga,滋賀県,chuko-kareisyu,中古車加齢臭,https://carinteriorcleaning.jp/regions/shiga/chuko-kareisyu/,/regions/shiga/chuko-kareisyu/,Google広告用
243,キーワードLP,shiga,滋賀県,touyu-kobosi,車内灯油こぼし,https://carinteriorcleaning.jp/regions/shiga/touyu-kobosi/,/regions/shiga/touyu-kobosi/,Google広告用
244,キーワードLP,shiga,滋賀県,pet-ke,車ペット毛・清掃,https://carinteriorcleaning.jp/regions/shiga/pet-ke/,/regions/shiga/pet-ke/,Google広告用
245,キーワードLP,shiga,滋賀県,kyuto-cleaning,車 嘔吐 クリーニング,https://carinteriorcleaning.jp/regions/shiga/kyuto-cleaning/,/regions/shiga/kyuto-cleaning/,Google広告用
246,キーワードLP,shiga,滋賀県,car-ac-cleaning,車 エアコンクリーニング,https://carinteriorcleaning.jp/regions/shiga/car-ac-cleaning/,/regions/shiga/car-ac-cleaning/,Google広告用
247,キーワードLP,shiga,滋賀県,pet-unko,ペットうんち・車内除菌洗浄,https://carinteriorcleaning.jp/regions/shiga/pet-unko/,/regions/shiga/pet-unko/,Google広告用
248,キーワードLP,shiga,滋賀県,shutchou-senmon,出張 車内クリーニング 専門店,https://carinteriorcleaning.jp/regions/shiga/shutchou-senmon/,/regions/shiga/shutchou-senmon/,Google広告用
249,キーワードLP,shiga,滋賀県,shanai-shoshu,車内 消臭・脱臭洗浄,https://carinteriorcleaning.jp/regions/shiga/shanai-shoshu/,/regions/shiga/shanai-shoshu/,Google広告用
250,キーワードLP,shiga,滋賀県,kuruma-nioi-keshi,車 匂い 消し・消臭洗浄,https://carinteriorcleaning.jp/regions/shiga/kuruma-nioi-keshi/,/regions/shiga/kuruma-nioi-keshi/,Google広告用
251,キーワードLP,kumamoto,熊本県,seat-senjo,車シート洗浄・黄ばみ除去,https://carinteriorcleaning.jp/regions/kumamoto/seat-senjo/,/regions/kumamoto/seat-senjo/,Google広告用
252,キーワードLP,kumamoto,熊本県,seat-cleaning,車シートクリーニング,https://carinteriorcleaning.jp/regions/kumamoto/seat-cleaning/,/regions/kumamoto/seat-cleaning/,Google広告用
253,キーワードLP,kumamoto,熊本県,oshikko,車 おしっこ汚れ・臭い対策,https://carinteriorcleaning.jp/regions/kumamoto/oshikko/,/regions/kumamoto/oshikko/,Google広告用
254,キーワードLP,kumamoto,熊本県,omorashi,車 おもらし・シミ洗浄,https://carinteriorcleaning.jp/regions/kumamoto/omorashi/,/regions/kumamoto/omorashi/,Google広告用
255,キーワードLP,kumamoto,熊本県,unko,車 うんち汚れ・除菌洗浄,https://carinteriorcleaning.jp/regions/kumamoto/unko/,/regions/kumamoto/unko/,Google広告用
256,キーワードLP,kumamoto,熊本県,shanai-nioi,車内の臭い・原因洗い出し,https://carinteriorcleaning.jp/regions/kumamoto/shanai-nioi/,/regions/kumamoto/shanai-nioi/,Google広告用
257,キーワードLP,kumamoto,熊本県,kuruma-nioitori,車の匂い取り・消臭洗浄,https://carinteriorcleaning.jp/regions/kumamoto/kuruma-nioitori/,/regions/kumamoto/kuruma-nioitori/,Google広告用
258,キーワードLP,kumamoto,熊本県,ac-nioi,車エアコン臭い・ダクト対策,https://carinteriorcleaning.jp/regions/kumamoto/ac-nioi/,/regions/kumamoto/ac-nioi/,Google広告用
259,キーワードLP,kumamoto,熊本県,ac-kusai,エアコン 臭い・クサイ対策,https://carinteriorcleaning.jp/regions/kumamoto/ac-kusai/,/regions/kumamoto/ac-kusai/,Google広告用
260,キーワードLP,kumamoto,熊本県,ase,汗・皮脂汚れの車内洗浄,https://carinteriorcleaning.jp/regions/kumamoto/ase/,/regions/kumamoto/ase/,Google広告用
261,キーワードLP,kumamoto,熊本県,kareisyu,加齢臭・車内の体臭対策,https://carinteriorcleaning.jp/regions/kumamoto/kareisyu/,/regions/kumamoto/kareisyu/,Google広告用
262,キーワードLP,kumamoto,熊本県,pet-nioi,ペット臭・車内消臭,https://carinteriorcleaning.jp/regions/kumamoto/pet-nioi/,/regions/kumamoto/pet-nioi/,Google広告用
263,キーワードLP,kumamoto,熊本県,tabako-yani,タバコ臭・ヤニ汚れ洗浄,https://carinteriorcleaning.jp/regions/kumamoto/tabako-yani/,/regions/kumamoto/tabako-yani/,Google広告用
264,キーワードLP,kumamoto,熊本県,chuko-tabako,中古車タバコ臭,https://carinteriorcleaning.jp/regions/kumamoto/chuko-tabako/,/regions/kumamoto/chuko-tabako/,Google広告用
265,キーワードLP,kumamoto,熊本県,chuko-kareisyu,中古車加齢臭,https://carinteriorcleaning.jp/regions/kumamoto/chuko-kareisyu/,/regions/kumamoto/chuko-kareisyu/,Google広告用
266,キーワードLP,kumamoto,熊本県,touyu-kobosi,車内灯油こぼし,https://carinteriorcleaning.jp/regions/kumamoto/touyu-kobosi/,/regions/kumamoto/touyu-kobosi/,Google広告用
267,キーワードLP,kumamoto,熊本県,pet-ke,車ペット毛・清掃,https://carinteriorcleaning.jp/regions/kumamoto/pet-ke/,/regions/kumamoto/pet-ke/,Google広告用
268,キーワードLP,kumamoto,熊本県,kyuto-cleaning,車 嘔吐 クリーニング,https://carinteriorcleaning.jp/regions/kumamoto/kyuto-cleaning/,/regions/kumamoto/kyuto-cleaning/,Google広告用
269,キーワードLP,kumamoto,熊本県,car-ac-cleaning,車 エアコンクリーニング,https://carinteriorcleaning.jp/regions/kumamoto/car-ac-cleaning/,/regions/kumamoto/car-ac-cleaning/,Google広告用
270,キーワードLP,kumamoto,熊本県,pet-unko,ペットうんち・車内除菌洗浄,https://carinteriorcleaning.jp/regions/kumamoto/pet-unko/,/regions/kumamoto/pet-unko/,Google広告用
271,キーワードLP,kumamoto,熊本県,shutchou-senmon,出張 車内クリーニング 専門店,https://carinteriorcleaning.jp/regions/kumamoto/shutchou-senmon/,/regions/kumamoto/shutchou-senmon/,Google広告用
272,キーワードLP,kumamoto,熊本県,shanai-shoshu,車内 消臭・脱臭洗浄,https://carinteriorcleaning.jp/regions/kumamoto/shanai-shoshu/,/regions/kumamoto/shanai-shoshu/,Google広告用
273,キーワードLP,kumamoto,熊本県,kuruma-nioi-keshi,車 匂い 消し・消臭洗浄,https://carinteriorcleaning.jp/regions/kumamoto/kuruma-nioi-keshi/,/regions/kumamoto/kuruma-nioi-keshi/,Google広告用
274,キーワードLP,miyagi,宮城県,seat-senjo,車シート洗浄・黄ばみ除去,https://carinteriorcleaning.jp/regions/miyagi/seat-senjo/,/regions/miyagi/seat-senjo/,Google広告用
275,キーワードLP,miyagi,宮城県,seat-cleaning,車シートクリーニング,https://carinteriorcleaning.jp/regions/miyagi/seat-cleaning/,/regions/miyagi/seat-cleaning/,Google広告用
276,キーワードLP,miyagi,宮城県,oshikko,車 おしっこ汚れ・臭い対策,https://carinteriorcleaning.jp/regions/miyagi/oshikko/,/regions/miyagi/oshikko/,Google広告用
277,キーワードLP,miyagi,宮城県,omorashi,車 おもらし・シミ洗浄,https://carinteriorcleaning.jp/regions/miyagi/omorashi/,/regions/miyagi/omorashi/,Google広告用
278,キーワードLP,miyagi,宮城県,unko,車 うんち汚れ・除菌洗浄,https://carinteriorcleaning.jp/regions/miyagi/unko/,/regions/miyagi/unko/,Google広告用
279,キーワードLP,miyagi,宮城県,shanai-nioi,車内の臭い・原因洗い出し,https://carinteriorcleaning.jp/regions/miyagi/shanai-nioi/,/regions/miyagi/shanai-nioi/,Google広告用
280,キーワードLP,miyagi,宮城県,kuruma-nioitori,車の匂い取り・消臭洗浄,https://carinteriorcleaning.jp/regions/miyagi/kuruma-nioitori/,/regions/miyagi/kuruma-nioitori/,Google広告用
281,キーワードLP,miyagi,宮城県,ac-nioi,車エアコン臭い・ダクト対策,https://carinteriorcleaning.jp/regions/miyagi/ac-nioi/,/regions/miyagi/ac-nioi/,Google広告用
282,キーワードLP,miyagi,宮城県,ac-kusai,エアコン 臭い・クサイ対策,https://carinteriorcleaning.jp/regions/miyagi/ac-kusai/,/regions/miyagi/ac-kusai/,Google広告用
283,キーワードLP,miyagi,宮城県,ase,汗・皮脂汚れの車内洗浄,https://carinteriorcleaning.jp/regions/miyagi/ase/,/regions/miyagi/ase/,Google広告用
284,キーワードLP,miyagi,宮城県,kareisyu,加齢臭・車内の体臭対策,https://carinteriorcleaning.jp/regions/miyagi/kareisyu/,/regions/miyagi/kareisyu/,Google広告用
285,キーワードLP,miyagi,宮城県,pet-nioi,ペット臭・車内消臭,https://carinteriorcleaning.jp/regions/miyagi/pet-nioi/,/regions/miyagi/pet-nioi/,Google広告用
286,キーワードLP,miyagi,宮城県,tabako-yani,タバコ臭・ヤニ汚れ洗浄,https://carinteriorcleaning.jp/regions/miyagi/tabako-yani/,/regions/miyagi/tabako-yani/,Google広告用
287,キーワードLP,miyagi,宮城県,chuko-tabako,中古車タバコ臭,https://carinteriorcleaning.jp/regions/miyagi/chuko-tabako/,/regions/miyagi/chuko-tabako/,Google広告用
288,キーワードLP,miyagi,宮城県,chuko-kareisyu,中古車加齢臭,https://carinteriorcleaning.jp/regions/miyagi/chuko-kareisyu/,/regions/miyagi/chuko-kareisyu/,Google広告用
289,キーワードLP,miyagi,宮城県,touyu-kobosi,車内灯油こぼし,https://carinteriorcleaning.jp/regions/miyagi/touyu-kobosi/,/regions/miyagi/touyu-kobosi/,Google広告用
290,キーワードLP,miyagi,宮城県,pet-ke,車ペット毛・清掃,https://carinteriorcleaning.jp/regions/miyagi/pet-ke/,/regions/miyagi/pet-ke/,Google広告用
291,キーワードLP,miyagi,宮城県,kyuto-cleaning,車 嘔吐 クリーニング,https://carinteriorcleaning.jp/regions/miyagi/kyuto-cleaning/,/regions/miyagi/kyuto-cleaning/,Google広告用
292,キーワードLP,miyagi,宮城県,car-ac-cleaning,車 エアコンクリーニング,https://carinteriorcleaning.jp/regions/miyagi/car-ac-cleaning/,/regions/miyagi/car-ac-cleaning/,Google広告用
293,キーワードLP,miyagi,宮城県,pet-unko,ペットうんち・車内除菌洗浄,https://carinteriorcleaning.jp/regions/miyagi/pet-unko/,/regions/miyagi/pet-unko/,Google広告用
294,キーワードLP,miyagi,宮城県,shutchou-senmon,出張 車内クリーニング 専門店,https://carinteriorcleaning.jp/regions/miyagi/shutchou-senmon/,/regions/miyagi/shutchou-senmon/,Google広告用
295,キーワードLP,miyagi,宮城県,shanai-shoshu,車内 消臭・脱臭洗浄,https://carinteriorcleaning.jp/regions/miyagi/shanai-shoshu/,/regions/miyagi/shanai-shoshu/,Google広告用
296,キーワードLP,miyagi,宮城県,kuruma-nioi-keshi,車 匂い 消し・消臭洗浄,https://carinteriorcleaning.jp/regions/miyagi/kuruma-nioi-keshi/,/regions/miyagi/kuruma-nioi-keshi/,Google広告用
297,キーワードLP,tochigi,栃木県,seat-senjo,車シート洗浄・黄ばみ除去,https://carinteriorcleaning.jp/regions/tochigi/seat-senjo/,/regions/tochigi/seat-senjo/,Google広告用
298,キーワードLP,tochigi,栃木県,seat-cleaning,車シートクリーニング,https://carinteriorcleaning.jp/regions/tochigi/seat-cleaning/,/regions/tochigi/seat-cleaning/,Google広告用
299,キーワードLP,tochigi,栃木県,oshikko,車 おしっこ汚れ・臭い対策,https://carinteriorcleaning.jp/regions/tochigi/oshikko/,/regions/tochigi/oshikko/,Google広告用
300,キーワードLP,tochigi,栃木県,omorashi,車 おもらし・シミ洗浄,https://carinteriorcleaning.jp/regions/tochigi/omorashi/,/regions/tochigi/omorashi/,Google広告用
301,キーワードLP,tochigi,栃木県,unko,車 うんち汚れ・除菌洗浄,https://carinteriorcleaning.jp/regions/tochigi/unko/,/regions/tochigi/unko/,Google広告用
302,キーワードLP,tochigi,栃木県,shanai-nioi,車内の臭い・原因洗い出し,https://carinteriorcleaning.jp/regions/tochigi/shanai-nioi/,/regions/tochigi/shanai-nioi/,Google広告用
303,キーワードLP,tochigi,栃木県,kuruma-nioitori,車の匂い取り・消臭洗浄,https://carinteriorcleaning.jp/regions/tochigi/kuruma-nioitori/,/regions/tochigi/kuruma-nioitori/,Google広告用
304,キーワードLP,tochigi,栃木県,ac-nioi,車エアコン臭い・ダクト対策,https://carinteriorcleaning.jp/regions/tochigi/ac-nioi/,/regions/tochigi/ac-nioi/,Google広告用
305,キーワードLP,tochigi,栃木県,ac-kusai,エアコン 臭い・クサイ対策,https://carinteriorcleaning.jp/regions/tochigi/ac-kusai/,/regions/tochigi/ac-kusai/,Google広告用
306,キーワードLP,tochigi,栃木県,ase,汗・皮脂汚れの車内洗浄,https://carinteriorcleaning.jp/regions/tochigi/ase/,/regions/tochigi/ase/,Google広告用
307,キーワードLP,tochigi,栃木県,kareisyu,加齢臭・車内の体臭対策,https://carinteriorcleaning.jp/regions/tochigi/kareisyu/,/regions/tochigi/kareisyu/,Google広告用
308,キーワードLP,tochigi,栃木県,pet-nioi,ペット臭・車内消臭,https://carinteriorcleaning.jp/regions/tochigi/pet-nioi/,/regions/tochigi/pet-nioi/,Google広告用
309,キーワードLP,tochigi,栃木県,tabako-yani,タバコ臭・ヤニ汚れ洗浄,https://carinteriorcleaning.jp/regions/tochigi/tabako-yani/,/regions/tochigi/tabako-yani/,Google広告用
310,キーワードLP,tochigi,栃木県,chuko-tabako,中古車タバコ臭,https://carinteriorcleaning.jp/regions/tochigi/chuko-tabako/,/regions/tochigi/chuko-tabako/,Google広告用
311,キーワードLP,tochigi,栃木県,chuko-kareisyu,中古車加齢臭,https://carinteriorcleaning.jp/regions/tochigi/chuko-kareisyu/,/regions/tochigi/chuko-kareisyu/,Google広告用
312,キーワードLP,tochigi,栃木県,touyu-kobosi,車内灯油こぼし,https://carinteriorcleaning.jp/regions/tochigi/touyu-kobosi/,/regions/tochigi/touyu-kobosi/,Google広告用
313,キーワードLP,tochigi,栃木県,pet-ke,車ペット毛・清掃,https://carinteriorcleaning.jp/regions/tochigi/pet-ke/,/regions/tochigi/pet-ke/,Google広告用
314,キーワードLP,tochigi,栃木県,kyuto-cleaning,車 嘔吐 クリーニング,https://carinteriorcleaning.jp/regions/tochigi/kyuto-cleaning/,/regions/tochigi/kyuto-cleaning/,Google広告用
315,キーワードLP,tochigi,栃木県,car-ac-cleaning,車 エアコンクリーニング,https://carinteriorcleaning.jp/regions/tochigi/car-ac-cleaning/,/regions/tochigi/car-ac-cleaning/,Google広告用
316,キーワードLP,tochigi,栃木県,pet-unko,ペットうんち・車内除菌洗浄,https://carinteriorcleaning.jp/regions/tochigi/pet-unko/,/regions/tochigi/pet-unko/,Google広告用
317,キーワードLP,tochigi,栃木県,shutchou-senmon,出張 車内クリーニング 専門店,https://carinteriorcleaning.jp/regions/tochigi/shutchou-senmon/,/regions/tochigi/shutchou-senmon/,Google広告用
318,キーワードLP,tochigi,栃木県,shanai-shoshu,車内 消臭・脱臭洗浄,https://carinteriorcleaning.jp/regions/tochigi/shanai-shoshu/,/regions/tochigi/shanai-shoshu/,Google広告用
319,キーワードLP,tochigi,栃木県,kuruma-nioi-keshi,車 匂い 消し・消臭洗浄,https://carinteriorcleaning.jp/regions/tochigi/kuruma-nioi-keshi/,/regions/tochigi/kuruma-nioi-keshi/,Google広告用
320,キーワードLP,kyoto,京都府,seat-senjo,車シート洗浄・黄ばみ除去,https://carinteriorcleaning.jp/regions/kyoto/seat-senjo/,/regions/kyoto/seat-senjo/,Google広告用
321,キーワードLP,kyoto,京都府,seat-cleaning,車シートクリーニング,https://carinteriorcleaning.jp/regions/kyoto/seat-cleaning/,/regions/kyoto/seat-cleaning/,Google広告用
322,キーワードLP,kyoto,京都府,oshikko,車 おしっこ汚れ・臭い対策,https://carinteriorcleaning.jp/regions/kyoto/oshikko/,/regions/kyoto/oshikko/,Google広告用
323,キーワードLP,kyoto,京都府,omorashi,車 おもらし・シミ洗浄,https://carinteriorcleaning.jp/regions/kyoto/omorashi/,/regions/kyoto/omorashi/,Google広告用
324,キーワードLP,kyoto,京都府,unko,車 うんち汚れ・除菌洗浄,https://carinteriorcleaning.jp/regions/kyoto/unko/,/regions/kyoto/unko/,Google広告用
325,キーワードLP,kyoto,京都府,shanai-nioi,車内の臭い・原因洗い出し,https://carinteriorcleaning.jp/regions/kyoto/shanai-nioi/,/regions/kyoto/shanai-nioi/,Google広告用
326,キーワードLP,kyoto,京都府,kuruma-nioitori,車の匂い取り・消臭洗浄,https://carinteriorcleaning.jp/regions/kyoto/kuruma-nioitori/,/regions/kyoto/kuruma-nioitori/,Google広告用
327,キーワードLP,kyoto,京都府,ac-nioi,車エアコン臭い・ダクト対策,https://carinteriorcleaning.jp/regions/kyoto/ac-nioi/,/regions/kyoto/ac-nioi/,Google広告用
328,キーワードLP,kyoto,京都府,ac-kusai,エアコン 臭い・クサイ対策,https://carinteriorcleaning.jp/regions/kyoto/ac-kusai/,/regions/kyoto/ac-kusai/,Google広告用
329,キーワードLP,kyoto,京都府,ase,汗・皮脂汚れの車内洗浄,https://carinteriorcleaning.jp/regions/kyoto/ase/,/regions/kyoto/ase/,Google広告用
330,キーワードLP,kyoto,京都府,kareisyu,加齢臭・車内の体臭対策,https://carinteriorcleaning.jp/regions/kyoto/kareisyu/,/regions/kyoto/kareisyu/,Google広告用
331,キーワードLP,kyoto,京都府,pet-nioi,ペット臭・車内消臭,https://carinteriorcleaning.jp/regions/kyoto/pet-nioi/,/regions/kyoto/pet-nioi/,Google広告用
332,キーワードLP,kyoto,京都府,tabako-yani,タバコ臭・ヤニ汚れ洗浄,https://carinteriorcleaning.jp/regions/kyoto/tabako-yani/,/regions/kyoto/tabako-yani/,Google広告用
333,キーワードLP,kyoto,京都府,chuko-tabako,中古車タバコ臭,https://carinteriorcleaning.jp/regions/kyoto/chuko-tabako/,/regions/kyoto/chuko-tabako/,Google広告用
334,キーワードLP,kyoto,京都府,chuko-kareisyu,中古車加齢臭,https://carinteriorcleaning.jp/regions/kyoto/chuko-kareisyu/,/regions/kyoto/chuko-kareisyu/,Google広告用
335,キーワードLP,kyoto,京都府,touyu-kobosi,車内灯油こぼし,https://carinteriorcleaning.jp/regions/kyoto/touyu-kobosi/,/regions/kyoto/touyu-kobosi/,Google広告用
336,キーワードLP,kyoto,京都府,pet-ke,車ペット毛・清掃,https://carinteriorcleaning.jp/regions/kyoto/pet-ke/,/regions/kyoto/pet-ke/,Google広告用
337,キーワードLP,kyoto,京都府,kyuto-cleaning,車 嘔吐 クリーニング,https://carinteriorcleaning.jp/regions/kyoto/kyuto-cleaning/,/regions/kyoto/kyuto-cleaning/,Google広告用
338,キーワードLP,kyoto,京都府,car-ac-cleaning,車 エアコンクリーニング,https://carinteriorcleaning.jp/regions/kyoto/car-ac-cleaning/,/regions/kyoto/car-ac-cleaning/,Google広告用
339,キーワードLP,kyoto,京都府,pet-unko,ペットうんち・車内除菌洗浄,https://carinteriorcleaning.jp/regions/kyoto/pet-unko/,/regions/kyoto/pet-unko/,Google広告用
340,キーワードLP,kyoto,京都府,shutchou-senmon,出張 車内クリーニング 専門店,https://carinteriorcleaning.jp/regions/kyoto/shutchou-senmon/,/regions/kyoto/shutchou-senmon/,Google広告用
341,キーワードLP,kyoto,京都府,shanai-shoshu,車内 消臭・脱臭洗浄,https://carinteriorcleaning.jp/regions/kyoto/shanai-shoshu/,/regions/kyoto/shanai-shoshu/,Google広告用
342,キーワードLP,kyoto,京都府,kuruma-nioi-keshi,車 匂い 消し・消臭洗浄,https://carinteriorcleaning.jp/regions/kyoto/kuruma-nioi-keshi/,/regions/kyoto/kuruma-nioi-keshi/,Google広告用
343,キーワードLP,tokyo,東京都,seat-senjo,車シート洗浄・黄ばみ除去,https://carinteriorcleaning.jp/regions/tokyo/seat-senjo/,/regions/tokyo/seat-senjo/,Google広告用
344,キーワードLP,tokyo,東京都,seat-cleaning,車シートクリーニング,https://carinteriorcleaning.jp/regions/tokyo/seat-cleaning/,/regions/tokyo/seat-cleaning/,Google広告用
345,キーワードLP,tokyo,東京都,oshikko,車 おしっこ汚れ・臭い対策,https://carinteriorcleaning.jp/regions/tokyo/oshikko/,/regions/tokyo/oshikko/,Google広告用
346,キーワードLP,tokyo,東京都,omorashi,車 おもらし・シミ洗浄,https://carinteriorcleaning.jp/regions/tokyo/omorashi/,/regions/tokyo/omorashi/,Google広告用
347,キーワードLP,tokyo,東京都,unko,車 うんち汚れ・除菌洗浄,https://carinteriorcleaning.jp/regions/tokyo/unko/,/regions/tokyo/unko/,Google広告用
348,キーワードLP,tokyo,東京都,shanai-nioi,車内の臭い・原因洗い出し,https://carinteriorcleaning.jp/regions/tokyo/shanai-nioi/,/regions/tokyo/shanai-nioi/,Google広告用
349,キーワードLP,tokyo,東京都,kuruma-nioitori,車の匂い取り・消臭洗浄,https://carinteriorcleaning.jp/regions/tokyo/kuruma-nioitori/,/regions/tokyo/kuruma-nioitori/,Google広告用
350,キーワードLP,tokyo,東京都,ac-nioi,車エアコン臭い・ダクト対策,https://carinteriorcleaning.jp/regions/tokyo/ac-nioi/,/regions/tokyo/ac-nioi/,Google広告用
351,キーワードLP,tokyo,東京都,ac-kusai,エアコン 臭い・クサイ対策,https://carinteriorcleaning.jp/regions/tokyo/ac-kusai/,/regions/tokyo/ac-kusai/,Google広告用
352,キーワードLP,tokyo,東京都,ase,汗・皮脂汚れの車内洗浄,https://carinteriorcleaning.jp/regions/tokyo/ase/,/regions/tokyo/ase/,Google広告用
353,キーワードLP,tokyo,東京都,kareisyu,加齢臭・車内の体臭対策,https://carinteriorcleaning.jp/regions/tokyo/kareisyu/,/regions/tokyo/kareisyu/,Google広告用
354,キーワードLP,tokyo,東京都,pet-nioi,ペット臭・車内消臭,https://carinteriorcleaning.jp/regions/tokyo/pet-nioi/,/regions/tokyo/pet-nioi/,Google広告用
355,キーワードLP,tokyo,東京都,tabako-yani,タバコ臭・ヤニ汚れ洗浄,https://carinteriorcleaning.jp/regions/tokyo/tabako-yani/,/regions/tokyo/tabako-yani/,Google広告用
356,キーワードLP,tokyo,東京都,chuko-tabako,中古車タバコ臭,https://carinteriorcleaning.jp/regions/tokyo/chuko-tabako/,/regions/tokyo/chuko-tabako/,Google広告用
357,キーワードLP,tokyo,東京都,chuko-kareisyu,中古車加齢臭,https://carinteriorcleaning.jp/regions/tokyo/chuko-kareisyu/,/regions/tokyo/chuko-kareisyu/,Google広告用
358,キーワードLP,tokyo,東京都,touyu-kobosi,車内灯油こぼし,https://carinteriorcleaning.jp/regions/tokyo/touyu-kobosi/,/regions/tokyo/touyu-kobosi/,Google広告用
359,キーワードLP,tokyo,東京都,pet-ke,車ペット毛・清掃,https://carinteriorcleaning.jp/regions/tokyo/pet-ke/,/regions/tokyo/pet-ke/,Google広告用
360,キーワードLP,tokyo,東京都,kyuto-cleaning,車 嘔吐 クリーニング,https://carinteriorcleaning.jp/regions/tokyo/kyuto-cleaning/,/regions/tokyo/kyuto-cleaning/,Google広告用
361,キーワードLP,tokyo,東京都,car-ac-cleaning,車 エアコンクリーニング,https://carinteriorcleaning.jp/regions/tokyo/car-ac-cleaning/,/regions/tokyo/car-ac-cleaning/,Google広告用
362,キーワードLP,tokyo,東京都,pet-unko,ペットうんち・車内除菌洗浄,https://carinteriorcleaning.jp/regions/tokyo/pet-unko/,/regions/tokyo/pet-unko/,Google広告用
363,キーワードLP,tokyo,東京都,shutchou-senmon,出張 車内クリーニング 専門店,https://carinteriorcleaning.jp/regions/tokyo/shutchou-senmon/,/regions/tokyo/shutchou-senmon/,Google広告用
364,キーワードLP,tokyo,東京都,shanai-shoshu,車内 消臭・脱臭洗浄,https://carinteriorcleaning.jp/regions/tokyo/shanai-shoshu/,/regions/tokyo/shanai-shoshu/,Google広告用
365,キーワードLP,tokyo,東京都,kuruma-nioi-keshi,車 匂い 消し・消臭洗浄,https://carinteriorcleaning.jp/regions/tokyo/kuruma-nioi-keshi/,/regions/tokyo/kuruma-nioi-keshi/,Google広告用
366,キーワードLP,osaka,大阪府,seat-senjo,車シート洗浄・黄ばみ除去,https://carinteriorcleaning.jp/regions/osaka/seat-senjo/,/regions/osaka/seat-senjo/,Google広告用
367,キーワードLP,osaka,大阪府,seat-cleaning,車シートクリーニング,https://carinteriorcleaning.jp/regions/osaka/seat-cleaning/,/regions/osaka/seat-cleaning/,Google広告用
368,キーワードLP,osaka,大阪府,oshikko,車 おしっこ汚れ・臭い対策,https://carinteriorcleaning.jp/regions/osaka/oshikko/,/regions/osaka/oshikko/,Google広告用
369,キーワードLP,osaka,大阪府,omorashi,車 おもらし・シミ洗浄,https://carinteriorcleaning.jp/regions/osaka/omorashi/,/regions/osaka/omorashi/,Google広告用
370,キーワードLP,osaka,大阪府,unko,車 うんち汚れ・除菌洗浄,https://carinteriorcleaning.jp/regions/osaka/unko/,/regions/osaka/unko/,Google広告用
371,キーワードLP,osaka,大阪府,shanai-nioi,車内の臭い・原因洗い出し,https://carinteriorcleaning.jp/regions/osaka/shanai-nioi/,/regions/osaka/shanai-nioi/,Google広告用
372,キーワードLP,osaka,大阪府,kuruma-nioitori,車の匂い取り・消臭洗浄,https://carinteriorcleaning.jp/regions/osaka/kuruma-nioitori/,/regions/osaka/kuruma-nioitori/,Google広告用
373,キーワードLP,osaka,大阪府,ac-nioi,車エアコン臭い・ダクト対策,https://carinteriorcleaning.jp/regions/osaka/ac-nioi/,/regions/osaka/ac-nioi/,Google広告用
374,キーワードLP,osaka,大阪府,ac-kusai,エアコン 臭い・クサイ対策,https://carinteriorcleaning.jp/regions/osaka/ac-kusai/,/regions/osaka/ac-kusai/,Google広告用
375,キーワードLP,osaka,大阪府,ase,汗・皮脂汚れの車内洗浄,https://carinteriorcleaning.jp/regions/osaka/ase/,/regions/osaka/ase/,Google広告用
376,キーワードLP,osaka,大阪府,kareisyu,加齢臭・車内の体臭対策,https://carinteriorcleaning.jp/regions/osaka/kareisyu/,/regions/osaka/kareisyu/,Google広告用
377,キーワードLP,osaka,大阪府,pet-nioi,ペット臭・車内消臭,https://carinteriorcleaning.jp/regions/osaka/pet-nioi/,/regions/osaka/pet-nioi/,Google広告用
378,キーワードLP,osaka,大阪府,tabako-yani,タバコ臭・ヤニ汚れ洗浄,https://carinteriorcleaning.jp/regions/osaka/tabako-yani/,/regions/osaka/tabako-yani/,Google広告用
379,キーワードLP,osaka,大阪府,chuko-tabako,中古車タバコ臭,https://carinteriorcleaning.jp/regions/osaka/chuko-tabako/,/regions/osaka/chuko-tabako/,Google広告用
380,キーワードLP,osaka,大阪府,chuko-kareisyu,中古車加齢臭,https://carinteriorcleaning.jp/regions/osaka/chuko-kareisyu/,/regions/osaka/chuko-kareisyu/,Google広告用
381,キーワードLP,osaka,大阪府,touyu-kobosi,車内灯油こぼし,https://carinteriorcleaning.jp/regions/osaka/touyu-kobosi/,/regions/osaka/touyu-kobosi/,Google広告用
382,キーワードLP,osaka,大阪府,pet-ke,車ペット毛・清掃,https://carinteriorcleaning.jp/regions/osaka/pet-ke/,/regions/osaka/pet-ke/,Google広告用
383,キーワードLP,osaka,大阪府,kyuto-cleaning,車 嘔吐 クリーニング,https://carinteriorcleaning.jp/regions/osaka/kyuto-cleaning/,/regions/osaka/kyuto-cleaning/,Google広告用
384,キーワードLP,osaka,大阪府,car-ac-cleaning,車 エアコンクリーニング,https://carinteriorcleaning.jp/regions/osaka/car-ac-cleaning/,/regions/osaka/car-ac-cleaning/,Google広告用
385,キーワードLP,osaka,大阪府,pet-unko,ペットうんち・車内除菌洗浄,https://carinteriorcleaning.jp/regions/osaka/pet-unko/,/regions/osaka/pet-unko/,Google広告用
386,キーワードLP,osaka,大阪府,shutchou-senmon,出張 車内クリーニング 専門店,https://carinteriorcleaning.jp/regions/osaka/shutchou-senmon/,/regions/osaka/shutchou-senmon/,Google広告用
387,キーワードLP,osaka,大阪府,shanai-shoshu,車内 消臭・脱臭洗浄,https://carinteriorcleaning.jp/regions/osaka/shanai-shoshu/,/regions/osaka/shanai-shoshu/,Google広告用
388,キーワードLP,osaka,大阪府,kuruma-nioi-keshi,車 匂い 消し・消臭洗浄,https://carinteriorcleaning.jp/regions/osaka/kuruma-nioi-keshi/,/regions/osaka/kuruma-nioi-keshi/,Google広告用
389,キーワードLP,gunma,群馬県,seat-senjo,車シート洗浄・黄ばみ除去,https://carinteriorcleaning.jp/regions/gunma/seat-senjo/,/regions/gunma/seat-senjo/,Google広告用
390,キーワードLP,gunma,群馬県,seat-cleaning,車シートクリーニング,https://carinteriorcleaning.jp/regions/gunma/seat-cleaning/,/regions/gunma/seat-cleaning/,Google広告用
391,キーワードLP,gunma,群馬県,oshikko,車 おしっこ汚れ・臭い対策,https://carinteriorcleaning.jp/regions/gunma/oshikko/,/regions/gunma/oshikko/,Google広告用
392,キーワードLP,gunma,群馬県,omorashi,車 おもらし・シミ洗浄,https://carinteriorcleaning.jp/regions/gunma/omorashi/,/regions/gunma/omorashi/,Google広告用
393,キーワードLP,gunma,群馬県,unko,車 うんち汚れ・除菌洗浄,https://carinteriorcleaning.jp/regions/gunma/unko/,/regions/gunma/unko/,Google広告用
394,キーワードLP,gunma,群馬県,shanai-nioi,車内の臭い・原因洗い出し,https://carinteriorcleaning.jp/regions/gunma/shanai-nioi/,/regions/gunma/shanai-nioi/,Google広告用
395,キーワードLP,gunma,群馬県,kuruma-nioitori,車の匂い取り・消臭洗浄,https://carinteriorcleaning.jp/regions/gunma/kuruma-nioitori/,/regions/gunma/kuruma-nioitori/,Google広告用
396,キーワードLP,gunma,群馬県,ac-nioi,車エアコン臭い・ダクト対策,https://carinteriorcleaning.jp/regions/gunma/ac-nioi/,/regions/gunma/ac-nioi/,Google広告用
397,キーワードLP,gunma,群馬県,ac-kusai,エアコン 臭い・クサイ対策,https://carinteriorcleaning.jp/regions/gunma/ac-kusai/,/regions/gunma/ac-kusai/,Google広告用
398,キーワードLP,gunma,群馬県,ase,汗・皮脂汚れの車内洗浄,https://carinteriorcleaning.jp/regions/gunma/ase/,/regions/gunma/ase/,Google広告用
399,キーワードLP,gunma,群馬県,kareisyu,加齢臭・車内の体臭対策,https://carinteriorcleaning.jp/regions/gunma/kareisyu/,/regions/gunma/kareisyu/,Google広告用
400,キーワードLP,gunma,群馬県,pet-nioi,ペット臭・車内消臭,https://carinteriorcleaning.jp/regions/gunma/pet-nioi/,/regions/gunma/pet-nioi/,Google広告用
401,キーワードLP,gunma,群馬県,tabako-yani,タバコ臭・ヤニ汚れ洗浄,https://carinteriorcleaning.jp/regions/gunma/tabako-yani/,/regions/gunma/tabako-yani/,Google広告用
402,キーワードLP,gunma,群馬県,chuko-tabako,中古車タバコ臭,https://carinteriorcleaning.jp/regions/gunma/chuko-tabako/,/regions/gunma/chuko-tabako/,Google広告用
403,キーワードLP,gunma,群馬県,chuko-kareisyu,中古車加齢臭,https://carinteriorcleaning.jp/regions/gunma/chuko-kareisyu/,/regions/gunma/chuko-kareisyu/,Google広告用
404,キーワードLP,gunma,群馬県,touyu-kobosi,車内灯油こぼし,https://carinteriorcleaning.jp/regions/gunma/touyu-kobosi/,/regions/gunma/touyu-kobosi/,Google広告用
405,キーワードLP,gunma,群馬県,pet-ke,車ペット毛・清掃,https://carinteriorcleaning.jp/regions/gunma/pet-ke/,/regions/gunma/pet-ke/,Google広告用
406,キーワードLP,gunma,群馬県,kyuto-cleaning,車 嘔吐 クリーニング,https://carinteriorcleaning.jp/regions/gunma/kyuto-cleaning/,/regions/gunma/kyuto-cleaning/,Google広告用
407,キーワードLP,gunma,群馬県,car-ac-cleaning,車 エアコンクリーニング,https://carinteriorcleaning.jp/regions/gunma/car-ac-cleaning/,/regions/gunma/car-ac-cleaning/,Google広告用
408,キーワードLP,gunma,群馬県,pet-unko,ペットうんち・車内除菌洗浄,https://carinteriorcleaning.jp/regions/gunma/pet-unko/,/regions/gunma/pet-unko/,Google広告用
409,キーワードLP,gunma,群馬県,shutchou-senmon,出張 車内クリーニング 専門店,https://carinteriorcleaning.jp/regions/gunma/shutchou-senmon/,/regions/gunma/shutchou-senmon/,Google広告用
410,キーワードLP,gunma,群馬県,shanai-shoshu,車内 消臭・脱臭洗浄,https://carinteriorcleaning.jp/regions/gunma/shanai-shoshu/,/regions/gunma/shanai-shoshu/,Google広告用
411,キーワードLP,gunma,群馬県,kuruma-nioi-keshi,車 匂い 消し・消臭洗浄,https://carinteriorcleaning.jp/regions/gunma/kuruma-nioi-keshi/,/regions/gunma/kuruma-nioi-keshi/,Google広告用
412,キーワードLP,shizuoka,静岡県,seat-senjo,車シート洗浄・黄ばみ除去,https://carinteriorcleaning.jp/regions/shizuoka/seat-senjo/,/regions/shizuoka/seat-senjo/,Google広告用
413,キーワードLP,shizuoka,静岡県,seat-cleaning,車シートクリーニング,https://carinteriorcleaning.jp/regions/shizuoka/seat-cleaning/,/regions/shizuoka/seat-cleaning/,Google広告用
414,キーワードLP,shizuoka,静岡県,oshikko,車 おしっこ汚れ・臭い対策,https://carinteriorcleaning.jp/regions/shizuoka/oshikko/,/regions/shizuoka/oshikko/,Google広告用
415,キーワードLP,shizuoka,静岡県,omorashi,車 おもらし・シミ洗浄,https://carinteriorcleaning.jp/regions/shizuoka/omorashi/,/regions/shizuoka/omorashi/,Google広告用
416,キーワードLP,shizuoka,静岡県,unko,車 うんち汚れ・除菌洗浄,https://carinteriorcleaning.jp/regions/shizuoka/unko/,/regions/shizuoka/unko/,Google広告用
417,キーワードLP,shizuoka,静岡県,shanai-nioi,車内の臭い・原因洗い出し,https://carinteriorcleaning.jp/regions/shizuoka/shanai-nioi/,/regions/shizuoka/shanai-nioi/,Google広告用
418,キーワードLP,shizuoka,静岡県,kuruma-nioitori,車の匂い取り・消臭洗浄,https://carinteriorcleaning.jp/regions/shizuoka/kuruma-nioitori/,/regions/shizuoka/kuruma-nioitori/,Google広告用
419,キーワードLP,shizuoka,静岡県,ac-nioi,車エアコン臭い・ダクト対策,https://carinteriorcleaning.jp/regions/shizuoka/ac-nioi/,/regions/shizuoka/ac-nioi/,Google広告用
420,キーワードLP,shizuoka,静岡県,ac-kusai,エアコン 臭い・クサイ対策,https://carinteriorcleaning.jp/regions/shizuoka/ac-kusai/,/regions/shizuoka/ac-kusai/,Google広告用
421,キーワードLP,shizuoka,静岡県,ase,汗・皮脂汚れの車内洗浄,https://carinteriorcleaning.jp/regions/shizuoka/ase/,/regions/shizuoka/ase/,Google広告用
422,キーワードLP,shizuoka,静岡県,kareisyu,加齢臭・車内の体臭対策,https://carinteriorcleaning.jp/regions/shizuoka/kareisyu/,/regions/shizuoka/kareisyu/,Google広告用
423,キーワードLP,shizuoka,静岡県,pet-nioi,ペット臭・車内消臭,https://carinteriorcleaning.jp/regions/shizuoka/pet-nioi/,/regions/shizuoka/pet-nioi/,Google広告用
424,キーワードLP,shizuoka,静岡県,tabako-yani,タバコ臭・ヤニ汚れ洗浄,https://carinteriorcleaning.jp/regions/shizuoka/tabako-yani/,/regions/shizuoka/tabako-yani/,Google広告用
425,キーワードLP,shizuoka,静岡県,chuko-tabako,中古車タバコ臭,https://carinteriorcleaning.jp/regions/shizuoka/chuko-tabako/,/regions/shizuoka/chuko-tabako/,Google広告用
426,キーワードLP,shizuoka,静岡県,chuko-kareisyu,中古車加齢臭,https://carinteriorcleaning.jp/regions/shizuoka/chuko-kareisyu/,/regions/shizuoka/chuko-kareisyu/,Google広告用
427,キーワードLP,shizuoka,静岡県,touyu-kobosi,車内灯油こぼし,https://carinteriorcleaning.jp/regions/shizuoka/touyu-kobosi/,/regions/shizuoka/touyu-kobosi/,Google広告用
428,キーワードLP,shizuoka,静岡県,pet-ke,車ペット毛・清掃,https://carinteriorcleaning.jp/regions/shizuoka/pet-ke/,/regions/shizuoka/pet-ke/,Google広告用
429,キーワードLP,shizuoka,静岡県,kyuto-cleaning,車 嘔吐 クリーニング,https://carinteriorcleaning.jp/regions/shizuoka/kyuto-cleaning/,/regions/shizuoka/kyuto-cleaning/,Google広告用
430,キーワードLP,shizuoka,静岡県,car-ac-cleaning,車 エアコンクリーニング,https://carinteriorcleaning.jp/regions/shizuoka/car-ac-cleaning/,/regions/shizuoka/car-ac-cleaning/,Google広告用
431,キーワードLP,shizuoka,静岡県,pet-unko,ペットうんち・車内除菌洗浄,https://carinteriorcleaning.jp/regions/shizuoka/pet-unko/,/regions/shizuoka/pet-unko/,Google広告用
432,キーワードLP,shizuoka,静岡県,shutchou-senmon,出張 車内クリーニング 専門店,https://carinteriorcleaning.jp/regions/shizuoka/shutchou-senmon/,/regions/shizuoka/shutchou-senmon/,Google広告用
433,キーワードLP,shizuoka,静岡県,shanai-shoshu,車内 消臭・脱臭洗浄,https://carinteriorcleaning.jp/regions/shizuoka/shanai-shoshu/,/regions/shizuoka/shanai-shoshu/,Google広告用
434,キーワードLP,shizuoka,静岡県,kuruma-nioi-keshi,車 匂い 消し・消臭洗浄,https://carinteriorcleaning.jp/regions/shizuoka/kuruma-nioi-keshi/,/regions/shizuoka/kuruma-nioi-keshi/,Google広告用
435,キーワードLP,nara,奈良県,seat-senjo,車シート洗浄・黄ばみ除去,https://carinteriorcleaning.jp/regions/nara/seat-senjo/,/regions/nara/seat-senjo/,Google広告用
436,キーワードLP,nara,奈良県,seat-cleaning,車シートクリーニング,https://carinteriorcleaning.jp/regions/nara/seat-cleaning/,/regions/nara/seat-cleaning/,Google広告用
437,キーワードLP,nara,奈良県,oshikko,車 おしっこ汚れ・臭い対策,https://carinteriorcleaning.jp/regions/nara/oshikko/,/regions/nara/oshikko/,Google広告用
438,キーワードLP,nara,奈良県,omorashi,車 おもらし・シミ洗浄,https://carinteriorcleaning.jp/regions/nara/omorashi/,/regions/nara/omorashi/,Google広告用
439,キーワードLP,nara,奈良県,unko,車 うんち汚れ・除菌洗浄,https://carinteriorcleaning.jp/regions/nara/unko/,/regions/nara/unko/,Google広告用
440,キーワードLP,nara,奈良県,shanai-nioi,車内の臭い・原因洗い出し,https://carinteriorcleaning.jp/regions/nara/shanai-nioi/,/regions/nara/shanai-nioi/,Google広告用
441,キーワードLP,nara,奈良県,kuruma-nioitori,車の匂い取り・消臭洗浄,https://carinteriorcleaning.jp/regions/nara/kuruma-nioitori/,/regions/nara/kuruma-nioitori/,Google広告用
442,キーワードLP,nara,奈良県,ac-nioi,車エアコン臭い・ダクト対策,https://carinteriorcleaning.jp/regions/nara/ac-nioi/,/regions/nara/ac-nioi/,Google広告用
443,キーワードLP,nara,奈良県,ac-kusai,エアコン 臭い・クサイ対策,https://carinteriorcleaning.jp/regions/nara/ac-kusai/,/regions/nara/ac-kusai/,Google広告用
444,キーワードLP,nara,奈良県,ase,汗・皮脂汚れの車内洗浄,https://carinteriorcleaning.jp/regions/nara/ase/,/regions/nara/ase/,Google広告用
445,キーワードLP,nara,奈良県,kareisyu,加齢臭・車内の体臭対策,https://carinteriorcleaning.jp/regions/nara/kareisyu/,/regions/nara/kareisyu/,Google広告用
446,キーワードLP,nara,奈良県,pet-nioi,ペット臭・車内消臭,https://carinteriorcleaning.jp/regions/nara/pet-nioi/,/regions/nara/pet-nioi/,Google広告用
447,キーワードLP,nara,奈良県,tabako-yani,タバコ臭・ヤニ汚れ洗浄,https://carinteriorcleaning.jp/regions/nara/tabako-yani/,/regions/nara/tabako-yani/,Google広告用
448,キーワードLP,nara,奈良県,chuko-tabako,中古車タバコ臭,https://carinteriorcleaning.jp/regions/nara/chuko-tabako/,/regions/nara/chuko-tabako/,Google広告用
449,キーワードLP,nara,奈良県,chuko-kareisyu,中古車加齢臭,https://carinteriorcleaning.jp/regions/nara/chuko-kareisyu/,/regions/nara/chuko-kareisyu/,Google広告用
450,キーワードLP,nara,奈良県,touyu-kobosi,車内灯油こぼし,https://carinteriorcleaning.jp/regions/nara/touyu-kobosi/,/regions/nara/touyu-kobosi/,Google広告用
451,キーワードLP,nara,奈良県,pet-ke,車ペット毛・清掃,https://carinteriorcleaning.jp/regions/nara/pet-ke/,/regions/nara/pet-ke/,Google広告用
452,キーワードLP,nara,奈良県,kyuto-cleaning,車 嘔吐 クリーニング,https://carinteriorcleaning.jp/regions/nara/kyuto-cleaning/,/regions/nara/kyuto-cleaning/,Google広告用
453,キーワードLP,nara,奈良県,car-ac-cleaning,車 エアコンクリーニング,https://carinteriorcleaning.jp/regions/nara/car-ac-cleaning/,/regions/nara/car-ac-cleaning/,Google広告用
454,キーワードLP,nara,奈良県,pet-unko,ペットうんち・車内除菌洗浄,https://carinteriorcleaning.jp/regions/nara/pet-unko/,/regions/nara/pet-unko/,Google広告用
455,キーワードLP,nara,奈良県,shutchou-senmon,出張 車内クリーニング 専門店,https://carinteriorcleaning.jp/regions/nara/shutchou-senmon/,/regions/nara/shutchou-senmon/,Google広告用
456,キーワードLP,nara,奈良県,shanai-shoshu,車内 消臭・脱臭洗浄,https://carinteriorcleaning.jp/regions/nara/shanai-shoshu/,/regions/nara/shanai-shoshu/,Google広告用
457,キーワードLP,nara,奈良県,kuruma-nioi-keshi,車 匂い 消し・消臭洗浄,https://carinteriorcleaning.jp/regions/nara/kuruma-nioi-keshi/,/regions/nara/kuruma-nioi-keshi/,Google広告用
458,キーワードLP,wakayama,和歌山県,seat-senjo,車シート洗浄・黄ばみ除去,https://carinteriorcleaning.jp/regions/wakayama/seat-senjo/,/regions/wakayama/seat-senjo/,Google広告用
459,キーワードLP,wakayama,和歌山県,seat-cleaning,車シートクリーニング,https://carinteriorcleaning.jp/regions/wakayama/seat-cleaning/,/regions/wakayama/seat-cleaning/,Google広告用
460,キーワードLP,wakayama,和歌山県,oshikko,車 おしっこ汚れ・臭い対策,https://carinteriorcleaning.jp/regions/wakayama/oshikko/,/regions/wakayama/oshikko/,Google広告用
461,キーワードLP,wakayama,和歌山県,omorashi,車 おもらし・シミ洗浄,https://carinteriorcleaning.jp/regions/wakayama/omorashi/,/regions/wakayama/omorashi/,Google広告用
462,キーワードLP,wakayama,和歌山県,unko,車 うんち汚れ・除菌洗浄,https://carinteriorcleaning.jp/regions/wakayama/unko/,/regions/wakayama/unko/,Google広告用
463,キーワードLP,wakayama,和歌山県,shanai-nioi,車内の臭い・原因洗い出し,https://carinteriorcleaning.jp/regions/wakayama/shanai-nioi/,/regions/wakayama/shanai-nioi/,Google広告用
464,キーワードLP,wakayama,和歌山県,kuruma-nioitori,車の匂い取り・消臭洗浄,https://carinteriorcleaning.jp/regions/wakayama/kuruma-nioitori/,/regions/wakayama/kuruma-nioitori/,Google広告用
465,キーワードLP,wakayama,和歌山県,ac-nioi,車エアコン臭い・ダクト対策,https://carinteriorcleaning.jp/regions/wakayama/ac-nioi/,/regions/wakayama/ac-nioi/,Google広告用
466,キーワードLP,wakayama,和歌山県,ac-kusai,エアコン 臭い・クサイ対策,https://carinteriorcleaning.jp/regions/wakayama/ac-kusai/,/regions/wakayama/ac-kusai/,Google広告用
467,キーワードLP,wakayama,和歌山県,ase,汗・皮脂汚れの車内洗浄,https://carinteriorcleaning.jp/regions/wakayama/ase/,/regions/wakayama/ase/,Google広告用
468,キーワードLP,wakayama,和歌山県,kareisyu,加齢臭・車内の体臭対策,https://carinteriorcleaning.jp/regions/wakayama/kareisyu/,/regions/wakayama/kareisyu/,Google広告用
469,キーワードLP,wakayama,和歌山県,pet-nioi,ペット臭・車内消臭,https://carinteriorcleaning.jp/regions/wakayama/pet-nioi/,/regions/wakayama/pet-nioi/,Google広告用
470,キーワードLP,wakayama,和歌山県,tabako-yani,タバコ臭・ヤニ汚れ洗浄,https://carinteriorcleaning.jp/regions/wakayama/tabako-yani/,/regions/wakayama/tabako-yani/,Google広告用
471,キーワードLP,wakayama,和歌山県,chuko-tabako,中古車タバコ臭,https://carinteriorcleaning.jp/regions/wakayama/chuko-tabako/,/regions/wakayama/chuko-tabako/,Google広告用
472,キーワードLP,wakayama,和歌山県,chuko-kareisyu,中古車加齢臭,https://carinteriorcleaning.jp/regions/wakayama/chuko-kareisyu/,/regions/wakayama/chuko-kareisyu/,Google広告用
473,キーワードLP,wakayama,和歌山県,touyu-kobosi,車内灯油こぼし,https://carinteriorcleaning.jp/regions/wakayama/touyu-kobosi/,/regions/wakayama/touyu-kobosi/,Google広告用
474,キーワードLP,wakayama,和歌山県,pet-ke,車ペット毛・清掃,https://carinteriorcleaning.jp/regions/wakayama/pet-ke/,/regions/wakayama/pet-ke/,Google広告用
475,キーワードLP,wakayama,和歌山県,kyuto-cleaning,車 嘔吐 クリーニング,https://carinteriorcleaning.jp/regions/wakayama/kyuto-cleaning/,/regions/wakayama/kyuto-cleaning/,Google広告用
476,キーワードLP,wakayama,和歌山県,car-ac-cleaning,車 エアコンクリーニング,https://carinteriorcleaning.jp/regions/wakayama/car-ac-cleaning/,/regions/wakayama/car-ac-cleaning/,Google広告用
477,キーワードLP,wakayama,和歌山県,pet-unko,ペットうんち・車内除菌洗浄,https://carinteriorcleaning.jp/regions/wakayama/pet-unko/,/regions/wakayama/pet-unko/,Google広告用
478,キーワードLP,wakayama,和歌山県,shutchou-senmon,出張 車内クリーニング 専門店,https://carinteriorcleaning.jp/regions/wakayama/shutchou-senmon/,/regions/wakayama/shutchou-senmon/,Google広告用
479,キーワードLP,wakayama,和歌山県,shanai-shoshu,車内 消臭・脱臭洗浄,https://carinteriorcleaning.jp/regions/wakayama/shanai-shoshu/,/regions/wakayama/shanai-shoshu/,Google広告用
480,キーワードLP,wakayama,和歌山県,kuruma-nioi-keshi,車 匂い 消し・消臭洗浄,https://carinteriorcleaning.jp/regions/wakayama/kuruma-nioi-keshi/,/regions/wakayama/kuruma-nioi-keshi/,Google広告用
481,キーワードLP,saga,佐賀県,seat-senjo,車シート洗浄・黄ばみ除去,https://carinteriorcleaning.jp/regions/saga/seat-senjo/,/regions/saga/seat-senjo/,Google広告用
482,キーワードLP,saga,佐賀県,seat-cleaning,車シートクリーニング,https://carinteriorcleaning.jp/regions/saga/seat-cleaning/,/regions/saga/seat-cleaning/,Google広告用
483,キーワードLP,saga,佐賀県,oshikko,車 おしっこ汚れ・臭い対策,https://carinteriorcleaning.jp/regions/saga/oshikko/,/regions/saga/oshikko/,Google広告用
484,キーワードLP,saga,佐賀県,omorashi,車 おもらし・シミ洗浄,https://carinteriorcleaning.jp/regions/saga/omorashi/,/regions/saga/omorashi/,Google広告用
485,キーワードLP,saga,佐賀県,unko,車 うんち汚れ・除菌洗浄,https://carinteriorcleaning.jp/regions/saga/unko/,/regions/saga/unko/,Google広告用
486,キーワードLP,saga,佐賀県,shanai-nioi,車内の臭い・原因洗い出し,https://carinteriorcleaning.jp/regions/saga/shanai-nioi/,/regions/saga/shanai-nioi/,Google広告用
487,キーワードLP,saga,佐賀県,kuruma-nioitori,車の匂い取り・消臭洗浄,https://carinteriorcleaning.jp/regions/saga/kuruma-nioitori/,/regions/saga/kuruma-nioitori/,Google広告用
488,キーワードLP,saga,佐賀県,ac-nioi,車エアコン臭い・ダクト対策,https://carinteriorcleaning.jp/regions/saga/ac-nioi/,/regions/saga/ac-nioi/,Google広告用
489,キーワードLP,saga,佐賀県,ac-kusai,エアコン 臭い・クサイ対策,https://carinteriorcleaning.jp/regions/saga/ac-kusai/,/regions/saga/ac-kusai/,Google広告用
490,キーワードLP,saga,佐賀県,ase,汗・皮脂汚れの車内洗浄,https://carinteriorcleaning.jp/regions/saga/ase/,/regions/saga/ase/,Google広告用
491,キーワードLP,saga,佐賀県,kareisyu,加齢臭・車内の体臭対策,https://carinteriorcleaning.jp/regions/saga/kareisyu/,/regions/saga/kareisyu/,Google広告用
492,キーワードLP,saga,佐賀県,pet-nioi,ペット臭・車内消臭,https://carinteriorcleaning.jp/regions/saga/pet-nioi/,/regions/saga/pet-nioi/,Google広告用
493,キーワードLP,saga,佐賀県,tabako-yani,タバコ臭・ヤニ汚れ洗浄,https://carinteriorcleaning.jp/regions/saga/tabako-yani/,/regions/saga/tabako-yani/,Google広告用
494,キーワードLP,saga,佐賀県,chuko-tabako,中古車タバコ臭,https://carinteriorcleaning.jp/regions/saga/chuko-tabako/,/regions/saga/chuko-tabako/,Google広告用
495,キーワードLP,saga,佐賀県,chuko-kareisyu,中古車加齢臭,https://carinteriorcleaning.jp/regions/saga/chuko-kareisyu/,/regions/saga/chuko-kareisyu/,Google広告用
496,キーワードLP,saga,佐賀県,touyu-kobosi,車内灯油こぼし,https://carinteriorcleaning.jp/regions/saga/touyu-kobosi/,/regions/saga/touyu-kobosi/,Google広告用
497,キーワードLP,saga,佐賀県,pet-ke,車ペット毛・清掃,https://carinteriorcleaning.jp/regions/saga/pet-ke/,/regions/saga/pet-ke/,Google広告用
498,キーワードLP,saga,佐賀県,kyuto-cleaning,車 嘔吐 クリーニング,https://carinteriorcleaning.jp/regions/saga/kyuto-cleaning/,/regions/saga/kyuto-cleaning/,Google広告用
499,キーワードLP,saga,佐賀県,car-ac-cleaning,車 エアコンクリーニング,https://carinteriorcleaning.jp/regions/saga/car-ac-cleaning/,/regions/saga/car-ac-cleaning/,Google広告用
500,キーワードLP,saga,佐賀県,pet-unko,ペットうんち・車内除菌洗浄,https://carinteriorcleaning.jp/regions/saga/pet-unko/,/regions/saga/pet-unko/,Google広告用
501,キーワードLP,saga,佐賀県,shutchou-senmon,出張 車内クリーニング 専門店,https://carinteriorcleaning.jp/regions/saga/shutchou-senmon/,/regions/saga/shutchou-senmon/,Google広告用
502,キーワードLP,saga,佐賀県,shanai-shoshu,車内 消臭・脱臭洗浄,https://carinteriorcleaning.jp/regions/saga/shanai-shoshu/,/regions/saga/shanai-shoshu/,Google広告用
503,キーワードLP,saga,佐賀県,kuruma-nioi-keshi,車 匂い 消し・消臭洗浄,https://carinteriorcleaning.jp/regions/saga/kuruma-nioi-keshi/,/regions/saga/kuruma-nioi-keshi/,Google広告用
504,キーワードLP,fukui,福井県,seat-senjo,車シート洗浄・黄ばみ除去,https://carinteriorcleaning.jp/regions/fukui/seat-senjo/,/regions/fukui/seat-senjo/,Google広告用
505,キーワードLP,fukui,福井県,seat-cleaning,車シートクリーニング,https://carinteriorcleaning.jp/regions/fukui/seat-cleaning/,/regions/fukui/seat-cleaning/,Google広告用
506,キーワードLP,fukui,福井県,oshikko,車 おしっこ汚れ・臭い対策,https://carinteriorcleaning.jp/regions/fukui/oshikko/,/regions/fukui/oshikko/,Google広告用
507,キーワードLP,fukui,福井県,omorashi,車 おもらし・シミ洗浄,https://carinteriorcleaning.jp/regions/fukui/omorashi/,/regions/fukui/omorashi/,Google広告用
508,キーワードLP,fukui,福井県,unko,車 うんち汚れ・除菌洗浄,https://carinteriorcleaning.jp/regions/fukui/unko/,/regions/fukui/unko/,Google広告用
509,キーワードLP,fukui,福井県,shanai-nioi,車内の臭い・原因洗い出し,https://carinteriorcleaning.jp/regions/fukui/shanai-nioi/,/regions/fukui/shanai-nioi/,Google広告用
510,キーワードLP,fukui,福井県,kuruma-nioitori,車の匂い取り・消臭洗浄,https://carinteriorcleaning.jp/regions/fukui/kuruma-nioitori/,/regions/fukui/kuruma-nioitori/,Google広告用
511,キーワードLP,fukui,福井県,ac-nioi,車エアコン臭い・ダクト対策,https://carinteriorcleaning.jp/regions/fukui/ac-nioi/,/regions/fukui/ac-nioi/,Google広告用
512,キーワードLP,fukui,福井県,ac-kusai,エアコン 臭い・クサイ対策,https://carinteriorcleaning.jp/regions/fukui/ac-kusai/,/regions/fukui/ac-kusai/,Google広告用
513,キーワードLP,fukui,福井県,ase,汗・皮脂汚れの車内洗浄,https://carinteriorcleaning.jp/regions/fukui/ase/,/regions/fukui/ase/,Google広告用
514,キーワードLP,fukui,福井県,kareisyu,加齢臭・車内の体臭対策,https://carinteriorcleaning.jp/regions/fukui/kareisyu/,/regions/fukui/kareisyu/,Google広告用
515,キーワードLP,fukui,福井県,pet-nioi,ペット臭・車内消臭,https://carinteriorcleaning.jp/regions/fukui/pet-nioi/,/regions/fukui/pet-nioi/,Google広告用
516,キーワードLP,fukui,福井県,tabako-yani,タバコ臭・ヤニ汚れ洗浄,https://carinteriorcleaning.jp/regions/fukui/tabako-yani/,/regions/fukui/tabako-yani/,Google広告用
517,キーワードLP,fukui,福井県,chuko-tabako,中古車タバコ臭,https://carinteriorcleaning.jp/regions/fukui/chuko-tabako/,/regions/fukui/chuko-tabako/,Google広告用
518,キーワードLP,fukui,福井県,chuko-kareisyu,中古車加齢臭,https://carinteriorcleaning.jp/regions/fukui/chuko-kareisyu/,/regions/fukui/chuko-kareisyu/,Google広告用
519,キーワードLP,fukui,福井県,touyu-kobosi,車内灯油こぼし,https://carinteriorcleaning.jp/regions/fukui/touyu-kobosi/,/regions/fukui/touyu-kobosi/,Google広告用
520,キーワードLP,fukui,福井県,pet-ke,車ペット毛・清掃,https://carinteriorcleaning.jp/regions/fukui/pet-ke/,/regions/fukui/pet-ke/,Google広告用
521,キーワードLP,fukui,福井県,kyuto-cleaning,車 嘔吐 クリーニング,https://carinteriorcleaning.jp/regions/fukui/kyuto-cleaning/,/regions/fukui/kyuto-cleaning/,Google広告用
522,キーワードLP,fukui,福井県,car-ac-cleaning,車 エアコンクリーニング,https://carinteriorcleaning.jp/regions/fukui/car-ac-cleaning/,/regions/fukui/car-ac-cleaning/,Google広告用
523,キーワードLP,fukui,福井県,pet-unko,ペットうんち・車内除菌洗浄,https://carinteriorcleaning.jp/regions/fukui/pet-unko/,/regions/fukui/pet-unko/,Google広告用
524,キーワードLP,fukui,福井県,shutchou-senmon,出張 車内クリーニング 専門店,https://carinteriorcleaning.jp/regions/fukui/shutchou-senmon/,/regions/fukui/shutchou-senmon/,Google広告用
525,キーワードLP,fukui,福井県,shanai-shoshu,車内 消臭・脱臭洗浄,https://carinteriorcleaning.jp/regions/fukui/shanai-shoshu/,/regions/fukui/shanai-shoshu/,Google広告用
526,キーワードLP,fukui,福井県,kuruma-nioi-keshi,車 匂い 消し・消臭洗浄,https://carinteriorcleaning.jp/regions/fukui/kuruma-nioi-keshi/,/regions/fukui/kuruma-nioi-keshi/,Google広告用
527,コーティングLP,fukuoka,福岡県,,ガラスコーティング＋車内クリーニング,https://carinteriorcleaning.jp/coating/fukuoka/,/coating/fukuoka/,福岡限定セット